product_id,category,brand,season,size,color,original_price,markdown_percentage,current_price,purchase_date,stock_quantity,customer_rating,is_returned,return_reason,return_date
FB000001,Dresses,Banana Republic,Summer,XXL,Pink,91.63,0.0,91.63,2025-11-23,6,4.2,False,,
FB000002,Outerwear,Banana Republic,Winter,XS,Green,95.93,0.0,95.93,2024-01-28,38,4.0,False,,
FB000003,Dresses,Forever21,Fall,L,Brown,97.29,55.2,43.59,2025-12-15,10,4.0,False,,
FB000004,Shoes,Mango,Fall,M,Black,54.84,0.0,54.84,2025-09-10,22,3.4,True,Size Issue,2025-10-04
FB000005,Tops,Banana Republic,Winter,XS,Purple,49.32,18.3,40.29,2025-08-14,23,4.8,False,,
FB000006,Accessories,Zara,Fall,M,Black,70.6,47.6,36.99,2025-10-12,29,3.3,False,,
FB000007,Bottoms,Ann Taylor,Spring,S,Beige,62.04,53.0,29.16,2025-10-12,38,4.4,True,Size Issue,2025-10-18
FB000008,Tops,Forever21,Spring,XXL,Purple,41.96,0.0,41.96,2024-02-27,49,3.7,False,,
FB000009,Accessories,Ann Taylor,Winter,M,Black,28.71,57.5,12.2,2024-08-05,20,3.9,False,,
FB000010,Tops,Gap,Fall,M,Red,44.66,8.9,40.69,2025-03-14,37,4.5,False,,
FB000011,Tops,Ann Taylor,Fall,S,Purple,69.35,37.2,43.55,2025-10-04,9,4.7,False,,
FB000012,Dresses,Forever21,Summer,L,Blue,151.3,8.8,137.99,2024-01-12,35,3.2,False,,
FB000013,Accessories,Uniqlo,Spring,XS,Pink,43.26,19.3,34.91,2024-09-26,46,4.1,False,,
FB000014,Bottoms,Banana Republic,Spring,XXL,Purple,103.08,0.0,103.08,2024-06-14,48,4.1,False,,
FB000015,Outerwear,Zara,Spring,L,Green,99.02,19.8,79.41,2024-09-02,19,3.1,True,Color Mismatch,2024-09-05
FB000016,Accessories,Gap,Summer,XL,Red,23.35,13.2,20.27,2025-06-24,16,4.3,False,,
FB000017,Tops,H&M,Fall,XXL,Pink,59.9,27.5,43.43,2025-04-07,33,3.3,True,Size Issue,2025-04-18
FB000018,Accessories,H&M,Fall,XS,Black,61.01,0.0,61.01,2024-02-02,4,3.8,False,,
FB000019,Accessories,H&M,Spring,XXL,Gray,28.93,0.0,28.93,2025-08-13,36,3.8,False,,
FB000020,Tops,Forever21,Fall,XS,Black,85.9,11.2,76.28,2024-02-25,46,3.9,False,,
FB000021,Dresses,Banana Republic,Summer,L,Navy,186.1,0.0,186.1,2024-07-13,12,3.5,False,,
FB000022,Bottoms,Forever21,Fall,M,Gray,59.98,48.9,30.65,2024-04-10,35,4.4,True,Color Mismatch,2024-05-07
FB000023,Accessories,Banana Republic,Fall,S,Blue,46.57,0.0,46.57,2024-03-01,25,3.0,True,Size Issue,2024-03-14
FB000024,Shoes,Gap,Spring,L,Purple,145.9,7.8,134.52,2024-02-29,13,4.2,False,,
FB000025,Outerwear,Zara,Spring,XS,Green,179.31,17.8,147.39,2024-02-28,10,3.6,False,,
FB000026,Accessories,Mango,Summer,XL,Black,58.89,0.0,58.89,2025-08-06,7,4.0,False,,
FB000027,Outerwear,Zara,Summer,L,Beige,179.22,19.0,145.17,2025-11-16,13,4.1,False,,
FB000028,Bottoms,Uniqlo,Winter,S,Beige,107.46,18.9,87.15,2024-01-10,4,3.4,False,,
FB000029,Outerwear,Banana Republic,Summer,XL,White,166.0,0.0,166.0,2024-03-11,22,3.9,False,,
FB000030,Shoes,Uniqlo,Fall,L,Purple,152.57,19.8,122.36,2025-06-25,41,3.9,True,Color Mismatch,2025-07-05
FB000031,Dresses,Banana Republic,Fall,M,Black,201.25,23.1,154.76,2025-09-11,18,3.6,True,Changed Mind,2025-09-18
FB000032,Dresses,Uniqlo,Winter,M,Green,65.69,9.2,59.65,2024-12-07,0,3.6,False,,
FB000033,Dresses,Uniqlo,Fall,XXL,Gray,143.79,5.1,136.46,2025-12-08,4,4.1,False,,
FB000034,Outerwear,Zara,Spring,XL,Purple,105.18,0.0,105.18,2025-01-08,19,3.0,False,,
FB000035,Accessories,Ann Taylor,Fall,XXL,White,58.35,13.4,50.53,2025-09-27,26,2.6,False,,
FB000036,Bottoms,Mango,Fall,L,Green,51.52,55.6,22.87,2025-11-16,26,3.7,False,,
FB000037,Bottoms,Uniqlo,Fall,XXL,Black,75.91,0.0,75.91,2024-08-15,30,3.9,False,,
FB000038,Tops,Ann Taylor,Spring,S,White,22.37,0.0,22.37,2024-10-12,21,4.8,False,,
FB000039,Shoes,Ann Taylor,Winter,XXL,Purple,92.98,0.0,92.98,2024-07-01,16,3.9,False,,
FB000040,Shoes,Zara,Summer,XL,Blue,95.31,28.7,67.96,2024-04-28,32,3.2,True,Color Mismatch,2024-05-05
FB000041,Shoes,Zara,Winter,XS,Purple,188.09,15.8,158.37,2025-11-17,47,2.6,True,Size Issue,2025-12-09
FB000042,Shoes,Ann Taylor,Summer,XXL,Pink,121.14,26.5,89.04,2024-10-29,44,3.8,False,,
FB000043,Bottoms,Forever21,Winter,XXL,Red,103.86,0.0,103.86,2024-01-01,35,4.7,False,,
FB000044,Bottoms,Forever21,Spring,L,Gray,83.06,0.0,83.06,2024-06-22,30,3.0,False,,
FB000045,Shoes,Ann Taylor,Summer,S,Beige,89.67,22.9,69.14,2024-09-07,2,3.6,False,,
FB000046,Outerwear,Banana Republic,Winter,L,Beige,177.86,27.7,128.59,2024-09-06,25,4.0,True,Damaged,2024-09-07
FB000047,Accessories,Forever21,Fall,S,Purple,45.2,18.8,36.7,2025-04-12,7,3.5,False,,
FB000048,Tops,Ann Taylor,Winter,XL,Purple,62.67,48.9,32.02,2025-05-01,10,4.4,False,,
FB000049,Bottoms,Uniqlo,Winter,XXL,White,62.95,0.0,62.95,2024-08-28,18,4.2,False,,
FB000050,Shoes,Banana Republic,Fall,S,White,101.29,0.0,101.29,2024-03-06,13,3.0,False,,
FB000051,Shoes,Gap,Winter,XS,White,173.26,16.5,144.67,2024-01-21,44,4.0,False,,
FB000052,Outerwear,Forever21,Winter,XS,Navy,130.76,18.4,106.7,2025-07-05,26,4.3,False,,
FB000053,Outerwear,H&M,Winter,S,Pink,154.09,0.0,154.09,2025-11-15,21,3.7,False,,
FB000054,Tops,Mango,Winter,S,Brown,73.41,51.8,35.38,2024-01-28,42,3.1,True,Changed Mind,2024-02-25
FB000055,Tops,Mango,Summer,M,Blue,52.74,10.1,47.41,2024-10-11,24,4.5,False,,
FB000056,Tops,Uniqlo,Summer,L,Green,94.9,0.0,94.9,2024-08-17,22,3.1,False,,
FB000057,Dresses,Zara,Summer,S,White,192.67,8.6,176.1,2025-11-16,30,3.4,True,Quality Issue,2025-12-01
FB000058,Dresses,Uniqlo,Spring,S,Brown,153.23,22.3,119.06,2024-11-14,10,4.1,True,Size Issue,2024-12-14
FB000059,Shoes,Forever21,Winter,XXL,White,52.16,32.5,35.21,2025-12-14,6,4.6,False,,
FB000060,Dresses,Banana Republic,Summer,M,Purple,122.82,12.6,107.34,2024-01-13,21,4.6,False,,
FB000061,Tops,Banana Republic,Winter,M,Beige,109.16,7.3,101.19,2025-06-18,11,3.5,False,,
FB000062,Shoes,Gap,Winter,L,Brown,82.94,56.6,36.0,2024-10-12,5,4.6,False,,
FB000063,Bottoms,Gap,Winter,M,Green,89.32,0.0,89.32,2024-08-05,31,3.7,False,,
FB000064,Shoes,Ann Taylor,Spring,XL,Pink,128.93,7.9,118.74,2025-02-20,15,3.8,False,,
FB000065,Bottoms,Gap,Winter,L,Green,41.17,0.0,41.17,2024-09-06,44,3.6,False,,
FB000066,Outerwear,Ann Taylor,Winter,XL,Purple,138.44,51.0,67.84,2025-12-20,22,4.5,False,,
FB000067,Shoes,Uniqlo,Fall,XS,White,90.49,39.0,55.2,2024-07-08,44,2.5,True,Changed Mind,2024-07-17
FB000068,Dresses,Uniqlo,Summer,S,Pink,88.67,0.0,88.67,2025-12-26,0,3.4,False,,
FB000069,Shoes,Zara,Summer,XL,Pink,151.59,0.0,151.59,2025-05-17,48,4.6,True,Size Issue,2025-06-05
FB000070,Shoes,Gap,Winter,L,Navy,69.5,0.0,69.5,2024-04-26,30,4.1,False,,
FB000071,Tops,Gap,Summer,XL,Beige,88.65,0.0,88.65,2024-11-07,36,4.8,False,,
FB000072,Bottoms,Banana Republic,Winter,XL,Brown,124.89,0.0,124.89,2025-01-24,33,4.4,False,,
FB000073,Tops,Uniqlo,Winter,M,Brown,82.1,16.1,68.88,2024-07-31,48,3.6,False,,
FB000074,Shoes,Banana Republic,Fall,S,Red,128.32,0.0,128.32,2025-04-06,26,4.4,False,,
FB000075,Tops,Uniqlo,Summer,S,Pink,90.7,29.1,64.31,2024-08-27,43,4.5,False,,
FB000076,Dresses,H&M,Winter,XS,Purple,88.22,0.0,88.22,2024-05-25,17,3.1,True,Size Issue,2024-06-04
FB000077,Outerwear,Uniqlo,Winter,XS,Gray,197.08,38.9,120.42,2025-07-06,32,3.6,False,,
FB000078,Accessories,Zara,Winter,XXL,Navy,54.24,0.0,54.24,2025-11-21,14,3.4,False,,
FB000079,Outerwear,Zara,Spring,XL,Green,209.73,0.0,209.73,2025-10-29,33,4.6,False,,
FB000080,Shoes,Mango,Winter,XXL,Gray,195.05,11.1,173.4,2025-11-17,20,4.8,True,Size Issue,2025-12-01
FB000081,Dresses,Gap,Spring,XXL,Blue,188.31,11.8,166.09,2024-09-15,20,4.8,False,,
FB000082,Tops,Zara,Winter,L,Green,38.76,16.3,32.44,2025-03-28,40,3.2,False,,
FB000083,Bottoms,Uniqlo,Fall,M,Gray,135.7,5.4,128.37,2025-09-15,40,4.2,False,,
FB000084,Dresses,Mango,Spring,XL,Green,143.88,0.0,143.88,2025-04-17,7,4.8,False,,
FB000085,Dresses,Mango,Winter,XXL,Pink,136.51,0.0,136.51,2025-04-28,30,3.5,True,Size Issue,2025-05-11
FB000086,Bottoms,Mango,Summer,M,Blue,70.79,25.3,52.88,2024-10-16,0,4.4,False,,
FB000087,Outerwear,Gap,Fall,L,Purple,162.34,0.0,162.34,2025-07-10,48,3.1,False,,
FB000088,Shoes,H&M,Fall,XL,Blue,77.37,20.9,61.2,2025-04-29,47,4.1,False,,
FB000089,Tops,Forever21,Fall,L,Green,32.62,46.6,17.42,2025-03-26,6,4.0,True,Color Mismatch,2025-03-27
FB000090,Dresses,Mango,Winter,XXL,Red,62.72,25.3,46.85,2025-12-10,39,3.9,True,Size Issue,2025-12-21
FB000091,Dresses,Forever21,Spring,XXL,Gray,198.31,0.0,198.31,2024-08-28,4,4.2,False,,
FB000092,Shoes,H&M,Summer,L,Black,161.66,22.0,126.09,2025-12-11,10,3.8,True,Size Issue,2025-12-13
FB000093,Shoes,Zara,Spring,M,Navy,108.91,0.0,108.91,2025-08-02,26,4.3,False,,
FB000094,Bottoms,Mango,Fall,XS,Brown,134.5,8.6,122.93,2024-05-26,37,4.1,False,,
FB000095,Dresses,Uniqlo,Winter,M,Beige,51.6,38.0,31.99,2025-07-13,43,2.4,True,Quality Issue,2025-07-25
FB000096,Outerwear,Uniqlo,Winter,XXL,Pink,157.66,0.0,157.66,2025-05-09,24,3.9,True,Size Issue,2025-05-21
FB000097,Outerwear,Uniqlo,Spring,XS,Beige,147.29,0.0,147.29,2024-02-20,43,4.4,False,,
FB000098,Dresses,Gap,Spring,S,Brown,186.33,0.0,186.33,2025-09-27,12,4.3,False,,
FB000099,Dresses,Mango,Summer,XXL,Beige,56.7,20.7,44.96,2024-05-14,23,4.4,True,Size Issue,2024-06-07
FB000100,Tops,Mango,Fall,S,Purple,107.65,12.5,94.19,2024-06-17,17,4.3,False,,
FB000101,Tops,Uniqlo,Spring,XS,Gray,116.29,0.0,116.29,2025-11-23,14,3.6,False,,
FB000102,Tops,Ann Taylor,Summer,L,Green,46.45,0.0,46.45,2025-11-19,23,4.3,False,,
FB000103,Shoes,Forever21,Spring,XS,Beige,77.41,0.0,77.41,2024-12-01,35,3.8,False,,
FB000104,Bottoms,Banana Republic,Winter,XXL,Pink,107.91,0.0,107.91,2024-02-08,2,4.3,False,,
FB000105,Tops,Banana Republic,Summer,S,Purple,33.57,15.1,28.5,2025-12-14,47,4.1,False,,
FB000106,Tops,Mango,Winter,XXL,Black,103.37,19.1,83.63,2024-02-03,17,4.5,False,,
FB000107,Bottoms,Gap,Winter,S,Navy,41.92,30.9,28.97,2025-01-02,41,3.7,True,Changed Mind,2025-01-09
FB000108,Accessories,Gap,Summer,XXL,White,56.71,5.3,53.7,2024-12-07,50,4.0,False,,
FB000109,Bottoms,H&M,Summer,XL,White,100.37,24.7,75.58,2024-05-31,49,3.7,False,,
FB000110,Outerwear,Zara,Spring,S,Red,171.84,22.2,133.69,2024-05-14,1,4.7,True,Quality Issue,2024-06-02
FB000111,Shoes,Zara,Fall,M,Green,60.28,6.7,56.24,2025-05-02,4,4.7,False,,
FB000112,Shoes,Banana Republic,Winter,XL,White,191.27,0.0,191.27,2025-11-05,50,3.3,False,,
FB000113,Tops,Zara,Summer,L,Blue,62.63,0.0,62.63,2025-03-30,45,3.0,True,Size Issue,2025-04-10
FB000114,Outerwear,Mango,Summer,S,Pink,186.13,15.7,156.91,2025-09-03,24,3.2,False,,
FB000115,Tops,Forever21,Summer,XXL,Black,105.28,35.4,68.01,2024-08-08,46,2.2,True,Wrong Item,2024-08-22
FB000116,Shoes,Gap,Winter,L,Black,90.01,0.0,90.01,2025-01-18,16,4.5,False,,
FB000117,Dresses,Gap,Summer,XS,Black,65.85,0.0,65.85,2025-01-16,47,2.2,False,,
FB000118,Outerwear,Zara,Spring,XXL,Black,149.84,58.8,61.73,2024-02-22,27,3.1,False,,
FB000119,Outerwear,Uniqlo,Spring,XS,Brown,166.26,0.0,166.26,2024-08-17,30,3.9,False,,
FB000120,Shoes,Ann Taylor,Summer,M,Brown,76.19,13.4,65.98,2025-09-28,49,3.4,False,,
FB000121,Dresses,Zara,Spring,XS,Red,96.46,38.4,59.42,2024-01-07,22,3.7,True,Size Issue,2024-01-29
FB000122,Tops,Banana Republic,Fall,XXL,Beige,117.18,0.0,117.18,2024-08-08,33,2.4,True,Quality Issue,2024-08-14
FB000123,Shoes,Uniqlo,Spring,XL,Brown,53.59,0.0,53.59,2025-09-24,10,4.3,True,Size Issue,2025-10-03
FB000124,Tops,Forever21,Winter,XL,Gray,61.42,0.0,61.42,2024-04-26,32,3.7,False,,
FB000125,Accessories,Uniqlo,Winter,XL,Beige,35.05,0.0,35.05,2024-02-26,38,3.4,True,Changed Mind,2024-03-04
FB000126,Bottoms,Uniqlo,Spring,M,Black,30.93,23.5,23.66,2025-06-29,24,4.9,False,,
FB000127,Outerwear,Ann Taylor,Summer,L,Green,154.16,6.2,144.6,2025-08-12,20,3.4,False,,
FB000128,Tops,Forever21,Spring,XS,Blue,22.09,0.0,22.09,2025-04-16,39,4.8,False,,
FB000129,Shoes,Banana Republic,Winter,XS,White,109.71,6.2,102.91,2024-12-13,19,3.2,True,Changed Mind,2024-12-16
FB000130,Outerwear,Banana Republic,Fall,M,Navy,203.65,36.3,129.73,2024-04-15,15,2.9,True,Quality Issue,2024-04-21
FB000131,Outerwear,Mango,Summer,S,Beige,164.0,35.2,106.27,2025-11-28,28,4.5,False,,
FB000132,Outerwear,Ann Taylor,Spring,S,Gray,91.61,9.5,82.91,2025-08-28,17,3.3,True,Color Mismatch,2025-08-31
FB000133,Shoes,Gap,Winter,XS,Green,99.0,0.0,99.0,2024-04-02,41,4.2,False,,
FB000134,Outerwear,Forever21,Winter,XL,Purple,242.22,20.8,191.84,2025-10-29,36,4.5,True,Color Mismatch,2025-11-14
FB000135,Outerwear,Mango,Summer,L,Black,217.86,39.6,131.59,2025-05-31,5,4.4,False,,
FB000136,Accessories,H&M,Winter,L,Purple,48.98,0.0,48.98,2024-10-16,23,3.5,False,,
FB000137,Shoes,Zara,Spring,XS,Navy,55.12,25.7,40.95,2025-11-03,46,4.0,False,,
FB000138,Outerwear,Mango,Spring,XS,Brown,192.81,46.2,103.73,2025-12-16,41,4.1,False,,
FB000139,Bottoms,Banana Republic,Spring,XL,Blue,107.22,0.0,107.22,2025-11-17,8,2.3,False,,
FB000140,Dresses,Banana Republic,Winter,XL,Navy,53.1,0.0,53.1,2024-12-15,13,4.0,False,,
FB000141,Tops,H&M,Fall,S,Red,27.72,22.0,21.62,2025-07-06,49,4.4,False,,
FB000142,Outerwear,Zara,Spring,XL,Red,181.53,0.0,181.53,2025-12-10,11,4.5,False,,
FB000143,Bottoms,Gap,Summer,L,Navy,111.16,0.0,111.16,2025-09-17,28,4.4,False,,
FB000144,Dresses,Gap,Fall,XL,White,102.61,29.4,72.44,2025-01-11,12,4.0,False,,
FB000145,Outerwear,Gap,Winter,M,Blue,165.49,7.4,153.24,2025-09-11,12,4.4,True,Changed Mind,2025-09-13
FB000146,Dresses,Gap,Spring,XL,Black,170.94,6.9,159.15,2024-06-13,5,3.6,False,,
FB000147,Outerwear,Mango,Winter,XS,White,218.84,58.6,90.6,2024-02-24,26,4.8,True,Size Issue,2024-03-08
FB000148,Accessories,Ann Taylor,Fall,XS,Navy,75.5,33.0,50.58,2024-05-29,50,4.4,True,Size Issue,2024-06-25
FB000149,Tops,Mango,Winter,L,Brown,20.53,0.0,20.53,2024-08-08,16,3.7,False,,
FB000150,Outerwear,Forever21,Summer,M,White,131.2,0.0,131.2,2025-10-16,26,3.8,False,,
FB000151,Tops,Banana Republic,Summer,L,Brown,73.61,13.6,63.6,2024-05-27,45,4.0,False,,
FB000152,Accessories,Ann Taylor,Fall,XL,Blue,27.18,30.5,18.89,2024-03-10,23,4.1,False,,
FB000153,Outerwear,Zara,Winter,L,Green,188.06,45.1,103.24,2024-12-31,1,4.5,False,,
FB000154,Shoes,H&M,Summer,XL,Navy,61.35,10.1,55.15,2024-06-28,41,4.8,False,,
FB000155,Dresses,Gap,Winter,XXL,Red,187.95,0.0,187.95,2025-04-13,49,3.6,True,Size Issue,2025-05-09
FB000156,Bottoms,Zara,Spring,M,Purple,77.79,29.5,54.84,2025-10-24,2,3.7,True,Changed Mind,2025-11-21
FB000157,Accessories,Ann Taylor,Spring,XS,Navy,43.4,11.6,38.37,2024-12-13,24,3.4,False,,
FB000158,Tops,Gap,Spring,XL,Pink,100.11,21.6,78.49,2024-07-03,38,3.4,False,,
FB000159,Shoes,Banana Republic,Summer,M,Beige,87.3,15.8,73.51,2025-12-07,10,4.1,False,,
FB000160,Tops,Zara,Spring,XL,Blue,47.46,59.0,19.46,2025-11-18,4,3.6,False,,
FB000161,Shoes,Mango,Summer,S,Brown,148.49,6.9,138.24,2025-10-22,15,3.6,False,,
FB000162,Tops,Zara,Fall,XXL,Gray,114.88,16.4,96.04,2024-05-20,36,3.7,False,,
FB000163,Tops,Ann Taylor,Spring,S,Black,22.59,0.0,22.59,2025-01-31,33,3.5,False,,
FB000164,Accessories,Uniqlo,Spring,XXL,Gray,28.95,15.4,24.49,2024-07-23,31,3.2,True,Color Mismatch,2024-08-07
FB000165,Bottoms,Gap,Summer,XXL,Navy,110.14,31.0,76.0,2024-11-03,18,4.8,False,,
FB000166,Dresses,Mango,Spring,XL,White,70.63,0.0,70.63,2024-08-30,8,3.5,False,,
FB000167,Accessories,Ann Taylor,Spring,L,Purple,23.44,41.3,13.76,2025-05-05,25,4.0,False,,
FB000168,Tops,Banana Republic,Fall,M,Beige,27.42,12.8,23.91,2025-07-18,8,4.1,False,,
FB000169,Bottoms,Mango,Winter,XL,Green,129.77,9.6,117.31,2024-11-26,10,4.0,False,,
FB000170,Bottoms,Ann Taylor,Spring,XS,Pink,53.56,45.5,29.19,2024-11-06,40,4.6,False,,
FB000171,Accessories,Mango,Fall,S,Beige,55.59,46.8,29.57,2024-02-12,36,3.5,False,,
FB000172,Accessories,Banana Republic,Summer,XXL,Brown,32.2,0.0,32.2,2025-03-02,36,3.1,False,,
FB000173,Accessories,Gap,Spring,XXL,Pink,46.39,33.7,30.76,2025-04-09,19,3.9,True,Size Issue,2025-04-24
FB000174,Tops,Gap,Winter,S,Navy,80.67,0.0,80.67,2024-11-22,45,3.0,False,,
FB000175,Shoes,Forever21,Fall,M,Purple,129.86,0.0,129.86,2024-05-05,29,3.3,True,Quality Issue,2024-05-10
FB000176,Accessories,Zara,Spring,L,Brown,42.18,58.0,17.72,2025-08-14,20,4.9,False,,
FB000177,Bottoms,Mango,Winter,XL,Gray,89.85,0.0,89.85,2024-04-02,1,4.2,False,,
FB000178,Outerwear,Gap,Fall,S,Brown,139.99,0.0,139.99,2025-09-03,31,3.4,False,,
FB000179,Dresses,Gap,Spring,XL,Green,194.02,18.2,158.71,2025-01-09,46,4.5,False,,
FB000180,Shoes,Zara,Winter,XS,Brown,129.89,9.3,117.81,2025-05-31,24,3.2,True,Size Issue,2025-06-27
FB000181,Outerwear,Banana Republic,Fall,XS,Blue,143.44,51.2,70.0,2024-05-27,23,4.4,True,Size Issue,2024-06-13
FB000182,Accessories,Zara,Summer,S,Navy,67.26,7.2,62.42,2024-05-23,32,3.9,False,,
FB000183,Outerwear,Ann Taylor,Fall,L,Brown,205.68,0.0,205.68,2025-06-03,21,4.3,False,,
FB000184,Outerwear,Gap,Spring,L,Green,142.62,39.6,86.14,2024-11-11,37,4.4,False,,
FB000185,Dresses,Zara,Winter,M,Beige,183.09,31.6,125.23,2024-02-22,46,4.2,False,,
FB000186,Bottoms,Forever21,Fall,XXL,White,33.79,42.2,19.53,2025-03-27,1,3.6,True,Size Issue,2025-04-19
FB000187,Bottoms,Forever21,Winter,XXL,Green,114.69,13.4,99.32,2025-05-04,42,3.3,False,,
FB000188,Shoes,Mango,Winter,XL,Navy,127.4,37.4,79.75,2025-10-20,43,3.9,False,,
FB000189,Shoes,Gap,Fall,S,Pink,129.29,0.0,129.29,2024-10-22,19,2.4,False,,
FB000190,Dresses,Gap,Spring,L,Navy,145.28,54.4,66.25,2024-05-04,18,3.8,False,,
FB000191,Outerwear,Forever21,Winter,M,Red,129.38,0.0,129.38,2024-03-21,45,3.9,False,,
FB000192,Tops,Uniqlo,Winter,S,White,102.8,0.0,102.8,2025-12-13,35,3.9,False,,
FB000193,Accessories,H&M,Fall,XS,Beige,73.84,0.0,73.84,2024-02-23,14,3.8,True,Size Issue,2024-03-10
FB000194,Accessories,Mango,Summer,XL,Red,41.45,57.6,17.57,2025-10-28,30,4.1,True,Color Mismatch,2025-11-08
FB000195,Shoes,Zara,Summer,XXL,Brown,77.16,37.0,48.61,2024-06-28,2,3.0,True,Color Mismatch,2024-07-28
FB000196,Accessories,Forever21,Winter,S,Pink,71.99,0.0,71.99,2025-09-09,36,4.0,True,Changed Mind,2025-09-19
FB000197,Tops,Gap,Fall,XL,Gray,47.28,26.6,34.7,2025-04-14,46,3.8,False,,
FB000198,Dresses,Mango,Summer,XXL,Navy,184.43,16.4,154.18,2025-09-17,11,4.2,False,,
FB000199,Tops,Forever21,Spring,XS,Blue,86.93,0.0,86.93,2025-05-03,8,4.0,False,,
FB000200,Bottoms,Zara,Spring,L,White,83.61,0.0,83.61,2024-11-05,21,4.0,False,,
FB000201,Outerwear,Zara,Spring,XXL,Navy,197.77,0.0,197.77,2025-04-21,7,3.6,True,Size Issue,2025-05-08
FB000202,Dresses,Uniqlo,Summer,XXL,Pink,112.48,0.0,112.48,2025-05-04,8,3.8,True,Changed Mind,2025-05-24
FB000203,Shoes,Forever21,Winter,XL,Beige,172.1,33.6,114.27,2024-03-24,38,4.8,False,,
FB000204,Outerwear,Ann Taylor,Summer,XL,Black,90.5,12.6,79.1,2025-07-03,36,4.9,True,Changed Mind,2025-07-31
FB000205,Outerwear,Gap,Summer,XXL,White,201.88,18.5,164.53,2024-02-26,28,4.6,False,,
FB000206,Outerwear,Forever21,Winter,XL,Green,175.0,26.2,129.15,2025-02-09,1,4.0,True,Size Issue,2025-03-05
FB000207,Bottoms,Banana Republic,Summer,L,Navy,114.05,5.9,107.32,2025-04-28,4,3.8,True,Wrong Item,2025-05-04
FB000208,Bottoms,Forever21,Spring,L,Gray,134.35,47.5,70.53,2025-11-08,43,3.0,False,,
FB000209,Bottoms,Ann Taylor,Summer,S,Purple,77.17,0.0,77.17,2024-01-04,14,4.2,False,,
FB000210,Shoes,Gap,Winter,XL,Blue,171.74,0.0,171.74,2024-06-07,22,3.5,False,,
FB000211,Dresses,Banana Republic,Summer,XXL,Blue,154.54,57.8,65.22,2024-07-30,15,2.8,True,Size Issue,2024-08-14
FB000212,Outerwear,Zara,Fall,XXL,Green,148.39,0.0,148.39,2024-02-27,13,4.0,True,Color Mismatch,2024-03-06
FB000213,Dresses,Ann Taylor,Spring,S,Pink,198.96,50.4,98.68,2024-11-03,26,4.9,True,Size Issue,2024-11-22
FB000214,Dresses,Mango,Winter,XL,Gray,57.97,0.0,57.97,2025-11-18,41,3.0,True,Color Mismatch,2025-11-29
FB000215,Dresses,Forever21,Winter,S,Pink,114.0,29.5,80.37,2024-11-03,14,4.1,False,,
FB000216,Bottoms,Gap,Summer,XL,Blue,146.13,7.0,135.9,2024-09-18,15,4.1,False,,
FB000217,Dresses,Banana Republic,Winter,M,Black,141.06,21.0,111.44,2025-11-20,24,4.0,False,,
FB000218,Accessories,Banana Republic,Fall,XL,Beige,51.33,18.0,42.09,2024-11-06,21,4.3,False,,
FB000219,Accessories,H&M,Fall,XXL,Black,63.55,38.3,39.21,2025-09-10,44,3.3,False,,
FB000220,Tops,H&M,Spring,M,Blue,66.63,9.6,60.23,2025-06-09,23,3.7,False,,
FB000221,Tops,Banana Republic,Winter,M,White,57.07,13.4,49.42,2024-05-29,14,4.1,True,Color Mismatch,2024-06-28
FB000222,Outerwear,Forever21,Spring,S,White,136.08,17.5,112.27,2025-07-17,31,3.3,False,,
FB000223,Dresses,Ann Taylor,Spring,L,Beige,175.73,16.0,147.61,2024-06-22,22,3.3,True,Color Mismatch,2024-07-08
FB000224,Bottoms,Zara,Summer,XS,Beige,35.82,0.0,35.82,2025-10-07,8,3.9,True,Changed Mind,2025-10-08
FB000225,Bottoms,Gap,Spring,XS,Brown,106.53,58.3,44.42,2025-05-14,42,3.7,True,Size Issue,2025-05-28
FB000226,Accessories,Zara,Spring,XL,Pink,16.11,33.5,10.71,2024-04-19,11,3.9,False,,
FB000227,Outerwear,Mango,Fall,S,Brown,169.5,25.3,126.62,2024-03-21,25,4.6,False,,
FB000228,Tops,Gap,Fall,XXL,White,50.0,21.6,39.2,2024-02-02,41,4.3,True,Size Issue,2024-02-20
FB000229,Tops,Zara,Summer,XXL,Red,28.27,32.9,18.97,2025-08-02,21,3.7,False,,
FB000230,Accessories,Zara,Fall,S,Brown,45.91,0.0,45.91,2025-12-01,4,4.0,False,,
FB000231,Outerwear,Zara,Fall,M,Green,243.45,16.3,203.77,2025-02-11,45,3.0,False,,
FB000232,Shoes,Mango,Fall,XL,Blue,148.33,10.8,132.31,2024-05-23,47,2.6,False,,
FB000233,Dresses,Banana Republic,Spring,XS,Black,124.31,26.8,90.99,2025-09-20,49,3.9,False,,
FB000234,Tops,Ann Taylor,Summer,XXL,Pink,98.35,8.4,90.09,2025-01-19,35,4.2,False,,
FB000235,Dresses,Forever21,Summer,XL,Pink,185.67,21.6,145.57,2025-01-24,9,4.5,False,,
FB000236,Dresses,Mango,Winter,M,Navy,68.11,0.0,68.11,2025-03-31,19,4.5,False,,
FB000237,Shoes,Banana Republic,Fall,XS,Red,108.96,12.7,95.12,2024-01-27,6,4.5,True,Size Issue,2024-02-16
FB000238,Outerwear,Ann Taylor,Winter,XS,Pink,150.35,34.5,98.48,2024-09-05,35,4.4,False,,
FB000239,Bottoms,Forever21,Fall,S,Pink,66.14,5.9,62.24,2024-10-09,27,3.7,False,,
FB000240,Tops,Banana Republic,Spring,M,White,92.09,14.3,78.92,2024-04-19,29,3.4,True,Size Issue,2024-05-02
FB000241,Shoes,Forever21,Spring,L,Navy,108.9,33.0,72.96,2024-05-19,38,3.6,False,,
FB000242,Outerwear,H&M,Winter,M,Red,243.98,45.8,132.24,2025-10-10,44,3.7,True,Size Issue,2025-10-18
FB000243,Shoes,Forever21,Spring,L,Navy,58.22,13.9,50.13,2024-07-03,34,4.0,False,,
FB000244,Outerwear,Zara,Winter,XXL,White,154.54,0.0,154.54,2024-03-11,44,2.9,False,,
FB000245,Tops,Gap,Fall,XXL,Pink,44.2,34.3,29.04,2025-01-21,50,4.6,True,Color Mismatch,2025-02-06
FB000246,Outerwear,Forever21,Winter,XL,Green,214.42,18.4,174.97,2025-08-31,34,3.3,False,,
FB000247,Accessories,Banana Republic,Fall,XXL,Beige,38.08,5.7,35.91,2025-11-24,41,3.5,False,,
FB000248,Shoes,Forever21,Summer,XS,Black,81.4,12.8,70.98,2025-12-05,37,4.0,False,,
FB000249,Tops,Ann Taylor,Winter,L,Beige,78.86,10.2,70.82,2025-05-09,1,3.9,False,,
FB000250,Tops,Banana Republic,Summer,XXL,Red,54.83,0.0,54.83,2024-07-30,50,4.3,False,,
FB000251,Shoes,Gap,Summer,L,Gray,91.03,0.0,91.03,2024-04-27,45,2.9,True,Changed Mind,2024-05-18
FB000252,Accessories,Mango,Fall,XL,Red,50.87,0.0,50.87,2025-04-18,27,3.6,False,,
FB000253,Tops,Mango,Fall,XXL,Beige,63.21,0.0,63.21,2024-07-21,39,4.7,False,,
FB000254,Tops,Forever21,Summer,XXL,White,40.58,36.2,25.89,2025-08-14,4,3.2,True,Color Mismatch,2025-08-20
FB000255,Shoes,Ann Taylor,Fall,L,Black,81.98,50.6,40.5,2024-11-16,40,3.5,False,,
FB000256,Outerwear,Forever21,Summer,M,Navy,223.74,17.2,185.26,2024-10-31,45,3.9,False,,
FB000257,Outerwear,Banana Republic,Fall,M,Black,120.56,0.0,120.56,2025-12-11,23,4.0,True,Wrong Item,2025-12-25
FB000258,Outerwear,Mango,Winter,L,Red,162.73,18.8,132.14,2025-07-22,11,3.8,True,Changed Mind,2025-07-27
FB000259,Bottoms,Ann Taylor,Winter,XL,Green,133.86,49.7,67.33,2025-01-28,12,4.3,False,,
FB000260,Outerwear,Gap,Winter,XXL,Gray,150.66,29.8,105.76,2025-08-01,5,4.0,True,Changed Mind,2025-08-11
FB000261,Accessories,Uniqlo,Fall,XL,Pink,25.93,16.1,21.76,2025-05-22,49,3.0,False,,
FB000262,Accessories,Banana Republic,Spring,XL,Navy,50.23,35.2,32.55,2025-07-13,28,3.1,True,Wrong Item,2025-07-17
FB000263,Dresses,H&M,Spring,XS,Gray,94.68,41.7,55.2,2024-08-30,7,4.0,True,Changed Mind,2024-09-22
FB000264,Shoes,Forever21,Fall,XL,Red,165.58,36.1,105.81,2024-12-25,36,3.6,False,,
FB000265,Outerwear,Mango,Spring,XXL,Pink,129.19,0.0,129.19,2025-11-26,32,4.4,False,,
FB000266,Bottoms,Forever21,Summer,M,Beige,45.23,45.0,24.88,2024-11-25,45,3.5,False,,
FB000267,Dresses,Forever21,Winter,S,Brown,157.51,10.6,140.81,2025-10-10,4,4.4,False,,
FB000268,Accessories,Forever21,Spring,XXL,Navy,44.56,13.7,38.46,2024-04-05,49,4.1,False,,
FB000269,Tops,Ann Taylor,Summer,XL,Blue,41.78,8.2,38.35,2024-11-26,17,4.7,False,,
FB000270,Shoes,Mango,Winter,M,Beige,161.96,0.0,161.96,2025-04-15,40,3.9,True,Quality Issue,2025-04-30
FB000271,Tops,Zara,Winter,S,Red,108.21,0.0,108.21,2024-04-05,17,4.3,False,,
FB000272,Shoes,Banana Republic,Spring,XXL,Beige,66.48,9.6,60.1,2024-08-27,44,3.6,False,,
FB000273,Accessories,Banana Republic,Summer,S,Gray,20.07,12.8,17.5,2024-01-10,28,2.4,True,Quality Issue,2024-01-14
FB000274,Tops,Mango,Winter,XS,White,58.31,22.0,45.48,2025-01-11,20,3.8,False,,
FB000275,Bottoms,Forever21,Fall,XXL,Beige,47.14,5.1,44.74,2024-06-17,41,3.4,False,,
FB000276,Dresses,H&M,Fall,L,Brown,166.72,41.7,97.2,2024-05-23,6,3.6,False,,
FB000277,Outerwear,Forever21,Spring,L,Navy,214.48,0.0,214.48,2024-03-27,41,2.6,True,Color Mismatch,2024-04-16
FB000278,Dresses,Uniqlo,Summer,XXL,Pink,84.93,7.8,78.31,2024-10-29,25,4.4,False,,
FB000279,Bottoms,Gap,Winter,XS,White,89.95,12.9,78.35,2025-01-04,0,4.8,False,,
FB000280,Bottoms,Forever21,Winter,M,Purple,111.95,39.1,68.18,2024-03-15,49,4.9,True,Size Issue,2024-03-16
FB000281,Shoes,H&M,Summer,XS,Blue,121.06,12.5,105.93,2025-03-09,26,4.0,False,,
FB000282,Accessories,Mango,Spring,XS,Pink,20.14,59.5,8.16,2025-07-03,9,3.6,False,,
FB000283,Outerwear,Banana Republic,Spring,XXL,Blue,204.09,21.2,160.82,2025-03-20,5,4.6,True,Changed Mind,2025-03-22
FB000284,Shoes,Mango,Summer,XS,Red,152.24,0.0,152.24,2025-06-19,22,3.8,False,,
FB000285,Dresses,Uniqlo,Fall,M,Red,177.46,54.7,80.39,2024-01-31,7,4.3,False,,
FB000286,Tops,Uniqlo,Summer,M,Brown,82.75,12.7,72.24,2025-05-26,3,3.7,False,,
FB000287,Bottoms,Ann Taylor,Fall,M,Black,137.31,22.3,106.69,2025-06-05,47,3.3,True,Size Issue,2025-06-13
FB000288,Accessories,Gap,Spring,L,Red,26.63,40.7,15.79,2025-11-02,45,3.9,False,,
FB000289,Shoes,H&M,Winter,XXL,Navy,83.4,0.0,83.4,2024-05-02,23,4.3,False,,
FB000290,Accessories,Mango,Fall,XL,Green,77.02,0.0,77.02,2024-10-16,29,3.9,False,,
FB000291,Shoes,Ann Taylor,Summer,XL,Gray,41.28,0.0,41.28,2024-11-07,36,4.2,False,,
FB000292,Bottoms,Gap,Spring,XL,Gray,149.73,34.6,97.92,2024-09-08,34,4.3,False,,
FB000293,Tops,Zara,Fall,XL,Navy,83.59,20.2,66.7,2024-01-02,21,4.0,False,,
FB000294,Tops,Uniqlo,Summer,S,Purple,118.31,19.4,95.36,2025-12-29,9,4.4,False,,
FB000295,Accessories,H&M,Winter,XXL,Navy,44.8,31.6,30.64,2024-05-16,32,4.2,False,,
FB000296,Tops,Banana Republic,Summer,L,Beige,116.42,0.0,116.42,2024-11-18,16,3.9,False,,
FB000297,Tops,Ann Taylor,Spring,L,Pink,43.36,42.7,24.85,2025-08-21,49,4.7,True,Changed Mind,2025-09-05
FB000298,Tops,Ann Taylor,Winter,XS,Purple,55.83,29.0,39.64,2024-09-28,29,2.8,False,,
FB000299,Accessories,Mango,Spring,XXL,Brown,17.62,26.6,12.93,2025-12-29,5,3.4,True,Size Issue,2026-01-15
FB000300,Accessories,Uniqlo,Spring,S,Green,76.89,51.1,37.6,2024-09-12,35,4.3,True,Changed Mind,2024-10-08
FB000301,Bottoms,Banana Republic,Summer,XS,White,45.69,27.4,33.17,2025-10-22,40,4.8,True,Size Issue,2025-11-21
FB000302,Accessories,Zara,Summer,S,Beige,43.82,0.0,43.82,2024-05-05,21,3.7,True,Wrong Item,2024-05-07
FB000303,Bottoms,Forever21,Winter,L,Green,75.93,10.3,68.11,2024-10-08,11,4.0,False,,
FB000304,Bottoms,Zara,Fall,XXL,Pink,89.87,49.6,45.29,2024-10-13,5,3.2,True,Size Issue,2024-11-03
FB000305,Outerwear,H&M,Summer,L,Navy,161.55,26.9,118.09,2025-05-29,36,4.4,True,Changed Mind,2025-06-04
FB000306,Accessories,Ann Taylor,Fall,XS,Pink,18.81,50.6,9.29,2025-08-21,49,4.4,False,,
FB000307,Bottoms,Banana Republic,Fall,XXL,White,61.98,38.3,38.24,2024-08-12,3,4.3,False,,
FB000308,Tops,Ann Taylor,Fall,S,White,79.25,34.0,52.3,2024-01-29,37,4.1,False,,
FB000309,Shoes,Mango,Fall,L,Purple,89.45,6.4,83.73,2025-09-08,14,4.5,False,,
FB000310,Outerwear,Gap,Summer,M,Brown,114.25,0.0,114.25,2024-06-30,45,4.0,False,,
FB000311,Shoes,Zara,Summer,S,Brown,152.75,0.0,152.75,2025-06-22,7,4.0,False,,
FB000312,Accessories,Ann Taylor,Winter,XL,Black,36.88,0.0,36.88,2025-03-23,10,4.0,False,,
FB000313,Tops,Ann Taylor,Fall,XXL,Purple,89.36,55.7,39.59,2025-11-12,14,4.1,False,,
FB000314,Bottoms,Forever21,Spring,XXL,Pink,45.28,39.0,27.62,2025-02-04,36,3.5,False,,
FB000315,Outerwear,Zara,Fall,XL,Navy,236.58,44.4,131.54,2024-04-16,36,3.4,False,,
FB000316,Bottoms,Ann Taylor,Summer,S,Navy,147.89,0.0,147.89,2025-12-26,5,2.9,False,,
FB000317,Dresses,Ann Taylor,Winter,XS,Pink,85.65,27.0,62.52,2024-04-20,50,3.2,False,,
FB000318,Accessories,Forever21,Winter,XXL,Blue,77.99,49.9,39.07,2024-12-25,24,3.9,False,,
FB000319,Accessories,Gap,Fall,S,Gray,19.79,25.9,14.66,2024-09-24,20,4.1,False,,
FB000320,Accessories,Ann Taylor,Fall,L,Red,62.58,18.5,51.0,2024-12-12,5,2.8,False,,
FB000321,Outerwear,Gap,Summer,L,Beige,108.05,43.1,61.48,2024-12-05,6,3.2,True,Changed Mind,2024-12-28
FB000322,Outerwear,Uniqlo,Spring,M,White,96.31,13.2,83.6,2024-06-06,31,3.5,True,Size Issue,2024-06-20
FB000323,Accessories,Uniqlo,Winter,S,Black,16.67,0.0,16.67,2024-03-24,18,3.5,False,,
FB000324,Accessories,Uniqlo,Winter,L,Gray,73.17,0.0,73.17,2025-07-11,41,3.1,False,,
FB000325,Shoes,Forever21,Spring,S,Gray,47.14,9.0,42.9,2025-07-31,17,3.4,True,Damaged,2025-08-22
FB000326,Accessories,Banana Republic,Spring,XL,Blue,78.1,13.3,67.71,2025-06-19,24,3.6,False,,
FB000327,Outerwear,Gap,Fall,L,Pink,93.42,54.3,42.69,2025-08-07,32,4.4,False,,
FB000328,Outerwear,Mango,Summer,L,Red,241.34,0.0,241.34,2024-07-16,13,3.0,True,Wrong Item,2024-07-19
FB000329,Dresses,Forever21,Fall,XXL,Red,191.8,0.0,191.8,2024-03-09,46,4.0,True,Size Issue,2024-03-27
FB000330,Shoes,Uniqlo,Winter,XS,Brown,134.01,22.3,104.13,2024-05-31,9,2.3,True,Damaged,2024-06-04
FB000331,Accessories,Banana Republic,Spring,XL,Navy,72.06,0.0,72.06,2025-05-12,41,3.7,False,,
FB000332,Tops,Zara,Fall,M,Blue,34.39,15.4,29.09,2025-02-09,2,4.6,False,,
FB000333,Shoes,H&M,Summer,XXL,Gray,187.33,40.4,111.65,2024-11-06,50,2.3,True,Wrong Item,2024-12-04
FB000334,Dresses,Banana Republic,Fall,S,Pink,215.62,17.4,178.1,2025-03-02,17,3.7,False,,
FB000335,Accessories,H&M,Winter,S,Blue,63.16,37.3,39.6,2025-06-11,3,4.4,False,,
FB000336,Accessories,Uniqlo,Winter,S,Purple,72.16,0.0,72.16,2024-07-24,12,4.4,False,,
FB000337,Bottoms,Zara,Winter,XS,Navy,114.56,0.0,114.56,2025-06-01,29,2.8,True,Color Mismatch,2025-06-23
FB000338,Accessories,H&M,Spring,L,Brown,44.0,49.5,22.22,2024-12-24,35,4.0,False,,
FB000339,Shoes,Banana Republic,Spring,XS,Blue,47.94,55.6,21.29,2024-08-14,13,3.8,False,,
FB000340,Dresses,H&M,Spring,XXL,Blue,137.26,59.3,55.86,2024-01-10,43,3.0,True,Size Issue,2024-01-16
FB000341,Outerwear,Zara,Fall,M,Brown,216.86,0.0,216.86,2025-10-20,45,3.2,True,Wrong Item,2025-11-17
FB000342,Shoes,Gap,Spring,S,Gray,88.34,14.4,75.62,2024-04-14,37,3.7,True,Damaged,2024-05-11
FB000343,Shoes,Uniqlo,Spring,XXL,Black,117.08,0.0,117.08,2025-10-17,17,4.1,False,,
FB000344,Shoes,Uniqlo,Spring,S,Red,122.77,0.0,122.77,2025-09-06,3,3.9,False,,
FB000345,Shoes,Mango,Summer,XXL,Gray,199.6,0.0,199.6,2025-02-18,26,3.1,True,Size Issue,2025-03-13
FB000346,Outerwear,H&M,Spring,XXL,White,196.67,12.1,172.87,2025-01-02,42,2.3,True,Wrong Item,2025-01-29
FB000347,Dresses,Mango,Spring,XS,Gray,71.75,0.0,71.75,2024-07-06,35,3.9,False,,
FB000348,Shoes,Banana Republic,Fall,M,White,159.07,0.0,159.07,2024-12-05,50,4.0,False,,
FB000349,Outerwear,Uniqlo,Winter,XS,Gray,89.13,13.7,76.92,2024-03-13,39,4.6,False,,
FB000350,Bottoms,Banana Republic,Winter,XL,Pink,79.57,43.0,45.35,2024-12-16,12,2.6,True,Size Issue,2025-01-15
FB000351,Tops,Mango,Spring,XXL,Red,97.89,14.5,83.7,2024-11-16,11,3.2,False,,
FB000352,Accessories,Gap,Spring,S,Red,52.46,0.0,52.46,2024-03-31,50,4.4,False,,
FB000353,Tops,Forever21,Winter,L,Gray,58.33,0.0,58.33,2025-01-17,12,4.4,False,,
FB000354,Shoes,H&M,Summer,XXL,Green,140.27,0.0,140.27,2024-12-18,44,4.7,False,,
FB000355,Accessories,Forever21,Spring,S,Black,68.55,0.0,68.55,2025-04-11,18,2.7,False,,
FB000356,Outerwear,Ann Taylor,Winter,XXL,Red,138.26,47.2,73.0,2024-06-17,12,4.2,False,,
FB000357,Tops,Zara,Fall,S,Red,41.12,0.0,41.12,2024-06-22,32,4.1,True,Damaged,2024-07-13
FB000358,Accessories,Forever21,Spring,XL,Brown,18.16,53.2,8.5,2024-01-21,41,4.7,True,Changed Mind,2024-02-05
FB000359,Tops,Banana Republic,Spring,L,Red,40.55,20.2,32.36,2025-11-08,26,2.8,True,Color Mismatch,2025-11-17
FB000360,Outerwear,Mango,Winter,XS,Purple,202.19,0.0,202.19,2024-04-18,7,3.7,False,,
FB000361,Outerwear,H&M,Spring,XL,White,140.85,7.4,130.43,2025-05-23,35,4.2,False,,
FB000362,Dresses,Gap,Spring,S,Green,52.17,0.0,52.17,2025-08-10,7,4.2,False,,
FB000363,Bottoms,Banana Republic,Summer,XXL,Black,138.57,11.9,122.08,2024-09-27,18,3.7,False,,
FB000364,Accessories,Mango,Summer,M,Navy,67.1,0.0,67.1,2024-04-28,47,4.5,False,,
FB000365,Accessories,Zara,Fall,XXL,Beige,26.08,11.6,23.05,2024-10-01,39,2.7,False,,
FB000366,Accessories,Ann Taylor,Spring,S,Black,41.05,45.4,22.41,2025-12-07,24,2.7,False,,
FB000367,Tops,Mango,Summer,S,Green,118.16,22.1,92.05,2025-05-09,37,4.0,False,,
FB000368,Dresses,Gap,Fall,XL,Blue,182.46,17.9,149.8,2024-05-13,46,3.9,False,,
FB000369,Tops,Banana Republic,Winter,L,Green,26.33,20.2,21.01,2025-06-21,43,4.3,False,,
FB000370,Outerwear,H&M,Spring,XL,Purple,197.0,11.5,174.34,2024-09-11,46,4.0,False,,
FB000371,Dresses,Forever21,Fall,XL,Brown,59.28,7.4,54.89,2025-05-22,30,3.4,False,,
FB000372,Accessories,Gap,Spring,S,Navy,78.06,0.0,78.06,2025-07-17,14,4.6,False,,
FB000373,Tops,H&M,Summer,L,Gray,100.13,17.8,82.31,2024-11-19,28,3.8,True,Wrong Item,2024-12-13
FB000374,Dresses,Zara,Summer,L,Blue,56.09,17.4,46.33,2025-09-10,50,3.6,False,,
FB000375,Dresses,Uniqlo,Fall,XXL,Beige,127.56,0.0,127.56,2024-08-16,3,4.8,False,,
FB000376,Shoes,Gap,Spring,XXL,Gray,58.24,24.4,44.03,2024-12-29,21,3.0,False,,
FB000377,Shoes,Ann Taylor,Summer,XS,Red,118.79,34.9,77.33,2024-04-19,26,3.8,True,Size Issue,2024-04-23
FB000378,Tops,H&M,Winter,S,Navy,30.78,18.9,24.96,2025-08-25,43,4.2,True,Wrong Item,2025-09-09
FB000379,Dresses,Mango,Winter,XS,Purple,175.16,11.5,155.02,2025-05-09,37,3.7,False,,
FB000380,Bottoms,Mango,Fall,XS,Blue,108.9,9.8,98.23,2025-03-04,24,3.4,False,,
FB000381,Dresses,H&M,Spring,L,Navy,214.98,7.0,199.93,2025-09-08,26,4.3,False,,
FB000382,Dresses,Uniqlo,Spring,XXL,Purple,157.54,0.0,157.54,2024-10-24,39,3.5,False,,
FB000383,Dresses,Mango,Fall,XL,Purple,168.03,0.0,168.03,2024-12-26,7,4.5,False,,
FB000384,Outerwear,Forever21,Spring,L,Green,168.86,0.0,168.86,2024-02-24,9,3.0,False,,
FB000385,Bottoms,Uniqlo,Fall,M,Beige,60.07,33.8,39.77,2024-07-27,18,4.1,False,,
FB000386,Accessories,Ann Taylor,Winter,XS,Brown,71.42,37.3,44.78,2025-10-24,47,3.5,False,,
FB000387,Bottoms,Uniqlo,Summer,L,Blue,79.99,33.7,53.03,2024-02-25,35,4.2,True,Changed Mind,2024-03-03
FB000388,Outerwear,Gap,Fall,XXL,Beige,142.52,16.1,119.57,2024-07-17,12,4.5,True,Size Issue,2024-08-08
FB000389,Accessories,Mango,Fall,XXL,Purple,22.76,0.0,22.76,2025-07-23,17,3.7,False,,
FB000390,Bottoms,Uniqlo,Summer,M,Gray,115.16,0.0,115.16,2024-11-26,9,3.9,False,,
FB000391,Dresses,Uniqlo,Winter,XL,Purple,110.87,26.4,81.6,2024-07-07,14,2.5,False,,
FB000392,Outerwear,Mango,Winter,XL,Purple,148.58,0.0,148.58,2025-11-10,13,2.9,True,Changed Mind,2025-11-20
FB000393,Bottoms,Gap,Summer,XS,Beige,71.52,0.0,71.52,2025-09-20,41,4.2,False,,
FB000394,Bottoms,Zara,Spring,L,Black,76.31,9.2,69.29,2025-01-18,33,3.9,False,,
FB000395,Outerwear,Gap,Winter,XS,Pink,232.71,0.0,232.71,2024-03-25,32,4.7,False,,
FB000396,Bottoms,Zara,Summer,S,Beige,105.54,0.0,105.54,2025-03-10,43,4.3,False,,
FB000397,Bottoms,Forever21,Summer,XXL,Beige,48.45,10.0,43.61,2024-03-16,5,3.5,True,Changed Mind,2024-04-03
FB000398,Accessories,H&M,Spring,L,Blue,44.32,9.7,40.02,2025-11-20,24,3.6,False,,
FB000399,Accessories,Banana Republic,Summer,XXL,Black,38.25,9.3,34.69,2024-11-04,43,3.9,False,,
FB000400,Shoes,Gap,Winter,L,Beige,44.93,0.0,44.93,2024-05-19,14,3.6,False,,
FB000401,Outerwear,Uniqlo,Fall,M,Beige,230.79,57.3,98.55,2025-01-17,41,3.1,False,,
FB000402,Accessories,Mango,Summer,XS,Green,52.23,13.2,45.34,2024-11-08,5,4.1,False,,
FB000403,Dresses,Ann Taylor,Fall,L,Beige,194.75,0.0,194.75,2024-08-14,11,4.3,False,,
FB000404,Shoes,H&M,Summer,S,Beige,167.95,57.0,72.22,2025-04-17,35,4.7,False,,
FB000405,Accessories,Uniqlo,Summer,M,Black,27.83,19.3,22.46,2024-05-11,22,4.0,False,,
FB000406,Bottoms,Banana Republic,Spring,XL,Black,138.01,0.0,138.01,2024-12-02,28,4.5,False,,
FB000407,Shoes,Mango,Spring,M,Blue,66.98,0.0,66.98,2024-08-14,50,3.7,False,,
FB000408,Dresses,Forever21,Spring,M,Red,165.53,0.0,165.53,2025-04-18,30,3.7,False,,
FB000409,Shoes,Gap,Summer,S,Beige,137.06,37.2,86.07,2025-07-05,8,4.6,True,Damaged,2025-08-03
FB000410,Dresses,Banana Republic,Summer,XS,Purple,157.38,31.6,107.65,2025-08-27,49,4.4,True,Size Issue,2025-09-05
FB000411,Outerwear,Gap,Fall,M,Blue,117.96,34.7,77.03,2024-05-17,18,4.3,False,,
FB000412,Outerwear,Banana Republic,Winter,M,Purple,81.8,0.0,81.8,2025-12-01,39,2.6,True,Color Mismatch,2025-12-06
FB000413,Tops,Mango,Fall,XL,Brown,85.94,54.7,38.93,2025-01-02,30,4.0,True,Size Issue,2025-01-10
FB000414,Accessories,Uniqlo,Spring,S,Green,58.46,16.9,48.58,2025-04-25,24,4.6,False,,
FB000415,Accessories,Zara,Spring,XS,Purple,56.18,0.0,56.18,2024-09-26,47,4.4,False,,
FB000416,Outerwear,Mango,Winter,XXL,Blue,142.1,36.7,89.95,2024-09-14,33,4.2,True,Color Mismatch,2024-10-01
FB000417,Tops,Ann Taylor,Spring,L,Gray,108.72,0.0,108.72,2025-03-26,8,4.5,False,,
FB000418,Accessories,Uniqlo,Fall,S,Red,25.23,17.3,20.87,2024-08-23,42,3.2,False,,
FB000419,Shoes,Banana Republic,Winter,XXL,Gray,116.64,14.7,99.49,2024-01-23,26,3.9,True,Size Issue,2024-02-11
FB000420,Bottoms,Mango,Summer,XL,Red,36.71,0.0,36.71,2025-06-13,11,4.5,False,,
FB000421,Outerwear,Zara,Spring,XS,White,156.36,57.3,66.77,2024-08-12,10,4.6,False,,
FB000422,Outerwear,Mango,Fall,XL,Beige,166.84,0.0,166.84,2024-12-16,43,2.4,False,,
FB000423,Outerwear,Banana Republic,Fall,L,Blue,102.48,0.0,102.48,2025-05-31,33,2.3,False,,
FB000424,Bottoms,Banana Republic,Fall,L,Brown,101.98,50.6,50.38,2024-04-30,48,3.4,True,Size Issue,2024-05-29
FB000425,Outerwear,Zara,Winter,XL,Blue,142.96,0.0,142.96,2025-03-15,33,4.0,True,Wrong Item,2025-04-10
FB000426,Tops,Ann Taylor,Summer,L,Red,45.45,38.2,28.09,2024-10-17,5,3.6,False,,
FB000427,Outerwear,Forever21,Spring,S,Green,200.56,31.6,137.18,2025-06-16,7,3.6,True,Damaged,2025-06-23
FB000428,Dresses,Ann Taylor,Winter,M,Black,76.31,25.1,57.16,2025-03-09,34,3.6,False,,
FB000429,Outerwear,Uniqlo,Winter,S,Blue,173.86,7.7,160.47,2025-07-22,35,4.0,False,,
FB000430,Shoes,Ann Taylor,Winter,XXL,Red,176.8,35.0,114.92,2025-12-17,28,2.4,False,,
FB000431,Accessories,H&M,Winter,M,Purple,54.91,21.0,43.38,2025-10-13,24,4.4,True,Size Issue,2025-11-09
FB000432,Bottoms,Gap,Winter,XS,Black,61.57,14.1,52.89,2025-01-28,46,3.8,False,,
FB000433,Tops,Uniqlo,Summer,S,Beige,69.44,0.0,69.44,2025-06-14,42,4.3,False,,
FB000434,Accessories,H&M,Fall,XXL,Green,38.38,39.5,23.22,2024-10-09,5,2.8,False,,
FB000435,Shoes,Forever21,Winter,XL,White,122.84,21.4,96.55,2025-07-16,5,3.8,True,Color Mismatch,2025-08-15
FB000436,Outerwear,Ann Taylor,Spring,M,White,183.08,0.0,183.08,2025-08-11,25,4.6,True,Quality Issue,2025-08-25
FB000437,Outerwear,Banana Republic,Summer,XL,Pink,137.79,0.0,137.79,2024-09-20,32,3.7,False,,
FB000438,Outerwear,Uniqlo,Winter,L,Brown,162.22,0.0,162.22,2025-04-14,21,4.3,False,,
FB000439,Outerwear,Zara,Winter,XS,Pink,91.48,19.9,73.28,2025-12-19,43,4.0,True,Size Issue,2025-12-31
FB000440,Outerwear,Zara,Spring,S,Pink,95.81,36.4,60.94,2025-07-21,4,3.2,False,,
FB000441,Tops,Ann Taylor,Spring,S,Brown,46.91,53.7,21.72,2025-05-25,12,4.9,False,,
FB000442,Bottoms,H&M,Spring,S,White,54.33,0.0,54.33,2024-12-30,39,4.2,False,,
FB000443,Accessories,Banana Republic,Summer,XXL,Beige,47.02,0.0,47.02,2024-02-13,34,4.8,False,,
FB000444,Shoes,Ann Taylor,Winter,XL,Pink,118.53,58.3,49.43,2025-02-11,17,3.2,True,Size Issue,2025-02-13
FB000445,Outerwear,Forever21,Winter,XL,Green,165.42,15.3,140.11,2025-04-13,11,3.0,False,,
FB000446,Dresses,Gap,Spring,XXL,Green,52.01,0.0,52.01,2024-04-13,37,4.4,False,,
FB000447,Outerwear,Uniqlo,Fall,XL,Pink,120.31,14.2,103.23,2024-07-07,23,4.3,False,,
FB000448,Bottoms,Forever21,Spring,M,Blue,63.56,0.0,63.56,2025-08-12,8,3.9,False,,
FB000449,Accessories,Uniqlo,Fall,XL,Blue,70.66,0.0,70.66,2024-06-02,47,4.4,False,,
FB000450,Accessories,Mango,Winter,L,Red,79.71,30.3,55.56,2024-11-19,46,3.6,False,,
FB000451,Shoes,Uniqlo,Summer,L,Black,150.49,0.0,150.49,2025-05-02,16,3.0,False,,
FB000452,Accessories,Gap,Spring,M,Navy,38.42,17.2,31.81,2024-01-21,22,3.0,False,,
FB000453,Shoes,H&M,Fall,M,Navy,92.01,16.6,76.74,2024-03-21,28,4.2,False,,
FB000454,Shoes,Gap,Fall,S,Beige,169.23,0.0,169.23,2025-09-19,40,3.0,False,,
FB000455,Accessories,Banana Republic,Fall,M,White,35.38,34.2,23.28,2025-10-22,38,4.7,False,,
FB000456,Tops,Ann Taylor,Winter,L,Red,38.39,0.0,38.39,2024-08-28,46,4.3,False,,
FB000457,Dresses,Banana Republic,Fall,S,Blue,67.51,0.0,67.51,2025-07-15,30,4.4,True,Wrong Item,2025-08-01
FB000458,Accessories,Banana Republic,Spring,XL,Red,20.48,47.8,10.69,2024-09-10,14,4.7,False,,
FB000459,Tops,Mango,Fall,XL,Red,22.86,37.2,14.36,2025-05-02,20,4.0,False,,
FB000460,Outerwear,Uniqlo,Winter,S,Purple,110.1,14.5,94.14,2025-07-31,40,3.5,False,,
FB000461,Dresses,Uniqlo,Spring,L,Purple,88.61,0.0,88.61,2025-01-09,19,3.0,False,,
FB000462,Bottoms,Uniqlo,Summer,XS,Purple,127.85,26.9,93.46,2025-07-01,30,4.1,True,Color Mismatch,2025-07-26
FB000463,Tops,Uniqlo,Summer,L,Pink,79.7,31.0,54.99,2025-02-25,12,3.2,False,,
FB000464,Tops,Forever21,Fall,S,Beige,58.97,8.9,53.72,2025-10-02,27,3.1,True,Color Mismatch,2025-10-28
FB000465,Dresses,Uniqlo,Spring,XXL,Purple,187.5,17.8,154.12,2024-05-19,11,3.2,True,Changed Mind,2024-06-08
FB000466,Tops,Uniqlo,Winter,S,Navy,21.94,0.0,21.94,2024-01-23,34,4.2,False,,
FB000467,Accessories,Uniqlo,Spring,S,Gray,62.26,0.0,62.26,2024-01-16,9,3.7,False,,
FB000468,Shoes,Forever21,Spring,L,Navy,114.19,26.6,83.82,2024-05-29,48,3.7,True,Wrong Item,2024-06-01
FB000469,Outerwear,Gap,Fall,S,Pink,218.93,22.4,169.89,2024-09-11,49,3.1,True,Wrong Item,2024-09-19
FB000470,Dresses,Zara,Fall,L,Black,138.59,49.5,69.99,2024-11-15,43,3.4,False,,
FB000471,Bottoms,Zara,Summer,M,Gray,106.62,0.0,106.62,2025-11-13,3,4.3,False,,
FB000472,Accessories,H&M,Winter,M,Green,25.88,0.0,25.88,2025-02-09,7,2.8,False,,
FB000473,Accessories,Zara,Winter,XXL,Brown,25.07,25.0,18.8,2024-04-03,31,4.2,False,,
FB000474,Shoes,Zara,Summer,M,Beige,64.63,6.6,60.36,2024-08-26,31,4.6,False,,
FB000475,Outerwear,Ann Taylor,Winter,XXL,White,83.63,15.9,70.33,2024-02-10,16,4.2,False,,
FB000476,Tops,Uniqlo,Winter,S,Brown,38.66,0.0,38.66,2025-04-24,46,3.3,False,,
FB000477,Outerwear,Mango,Summer,XL,Red,156.4,30.8,108.23,2024-01-01,29,4.1,False,,
FB000478,Outerwear,Forever21,Fall,XS,Brown,225.66,24.8,169.7,2024-03-05,46,3.3,False,,
FB000479,Outerwear,Forever21,Fall,XL,Beige,164.58,14.2,141.21,2025-02-23,20,3.6,False,,
FB000480,Accessories,Banana Republic,Summer,XS,Red,26.61,0.0,26.61,2025-05-12,6,3.9,False,,
FB000481,Accessories,Forever21,Winter,XL,Brown,60.59,0.0,60.59,2024-08-14,23,4.0,False,,
FB000482,Accessories,Zara,Fall,XXL,Gray,75.35,29.4,53.2,2024-03-03,40,4.2,False,,
FB000483,Dresses,Forever21,Spring,XXL,Green,190.02,0.0,190.02,2024-03-13,2,3.5,False,,
FB000484,Accessories,H&M,Summer,XS,White,49.56,0.0,49.56,2025-11-03,33,3.3,True,Changed Mind,2025-11-09
FB000485,Outerwear,Forever21,Summer,XXL,Brown,140.85,15.0,119.72,2024-06-19,6,4.6,False,,
FB000486,Outerwear,Forever21,Spring,XXL,Red,170.76,19.0,138.32,2025-07-17,20,4.1,False,,
FB000487,Shoes,Ann Taylor,Winter,XXL,Blue,172.18,0.0,172.18,2025-07-30,15,4.4,False,,
FB000488,Tops,Uniqlo,Spring,L,Gray,115.98,0.0,115.98,2024-10-18,2,4.5,False,,
FB000489,Outerwear,Mango,Spring,XS,Pink,247.35,0.0,247.35,2024-01-23,20,2.8,False,,
FB000490,Dresses,Uniqlo,Fall,XS,Green,128.26,0.0,128.26,2025-01-10,16,4.4,False,,
FB000491,Bottoms,H&M,Spring,M,Black,98.46,8.3,90.29,2024-11-28,4,3.8,False,,
FB000492,Bottoms,Gap,Summer,XL,Beige,66.05,31.5,45.24,2024-02-27,5,4.7,False,,
FB000493,Shoes,Ann Taylor,Winter,L,Black,179.17,0.0,179.17,2025-09-08,41,3.5,False,,
FB000494,Dresses,Forever21,Summer,M,Purple,57.0,7.2,52.9,2025-12-15,32,5.0,True,Size Issue,2026-01-06
FB000495,Dresses,Forever21,Winter,XL,Brown,135.8,0.0,135.8,2025-02-07,18,3.9,True,Changed Mind,2025-02-10
FB000496,Tops,Zara,Winter,M,Black,59.85,15.5,50.57,2024-05-18,48,3.5,False,,
FB000497,Bottoms,Gap,Winter,XXL,Brown,53.53,16.0,44.97,2024-09-05,15,4.3,True,Changed Mind,2024-09-16
FB000498,Dresses,Banana Republic,Summer,XXL,Blue,122.0,0.0,122.0,2024-12-18,20,3.3,False,,
FB000499,Accessories,Uniqlo,Fall,M,Brown,68.4,32.5,46.17,2024-02-15,28,3.0,False,,
FB000500,Bottoms,H&M,Spring,S,Black,43.48,0.0,43.48,2024-05-31,39,4.5,False,,
FB000501,Shoes,Zara,Spring,XXL,Black,88.82,10.0,79.94,2025-07-04,47,4.2,True,Size Issue,2025-07-29
FB000502,Shoes,Gap,Fall,XXL,Beige,42.94,15.0,36.5,2024-09-18,2,3.4,True,Size Issue,2024-10-14
FB000503,Dresses,Uniqlo,Summer,L,Beige,210.68,0.0,210.68,2024-10-04,42,4.7,False,,
FB000504,Dresses,Ann Taylor,Summer,XS,Pink,197.46,8.5,180.68,2025-06-04,24,4.3,False,,
FB000505,Accessories,Ann Taylor,Winter,XL,Purple,20.72,0.0,20.72,2025-07-28,29,2.9,False,,
FB000506,Accessories,Zara,Fall,XL,Pink,36.68,7.4,33.97,2025-12-01,22,4.4,False,,
FB000507,Dresses,Uniqlo,Fall,XL,Pink,188.02,18.2,153.8,2025-07-22,1,4.3,False,,
FB000508,Bottoms,Mango,Spring,L,Beige,46.47,30.4,32.34,2025-09-19,43,4.6,False,,
FB000509,Dresses,H&M,Winter,S,Brown,75.97,58.2,31.76,2025-04-04,21,3.7,False,,
FB000510,Bottoms,Mango,Fall,S,Pink,112.62,58.2,47.08,2024-05-28,27,3.7,False,,
FB000511,Outerwear,Mango,Spring,XS,Purple,170.6,23.7,130.17,2024-01-31,9,4.0,False,,
FB000512,Tops,Forever21,Spring,L,Beige,113.33,0.0,113.33,2024-07-11,49,3.4,True,Quality Issue,2024-07-12
FB000513,Outerwear,Uniqlo,Fall,XL,White,119.26,0.0,119.26,2025-12-05,5,3.9,False,,
FB000514,Bottoms,Gap,Spring,S,Blue,88.97,0.0,88.97,2024-08-19,12,3.7,True,Size Issue,2024-09-18
FB000515,Shoes,Forever21,Fall,XXL,Beige,198.12,21.3,155.92,2025-09-23,28,3.9,False,,
FB000516,Shoes,Gap,Fall,L,Blue,164.19,17.4,135.62,2024-11-16,46,4.1,False,,
FB000517,Dresses,Zara,Summer,L,Gray,190.59,0.0,190.59,2025-06-15,15,3.4,False,,
FB000518,Dresses,Zara,Winter,XL,Beige,213.64,0.0,213.64,2025-02-11,28,4.8,False,,
FB000519,Shoes,Gap,Fall,L,Pink,138.1,0.0,138.1,2024-05-25,33,4.5,False,,
FB000520,Dresses,Gap,Summer,XXL,Purple,69.24,38.8,42.37,2025-07-13,44,4.0,True,Size Issue,2025-07-28
FB000521,Accessories,Mango,Winter,XL,White,72.37,0.0,72.37,2025-12-09,20,2.8,False,,
FB000522,Dresses,Mango,Summer,XS,Black,170.06,6.3,159.35,2025-01-28,45,4.4,False,,
FB000523,Outerwear,Mango,Winter,XL,Blue,87.46,0.0,87.46,2025-08-02,21,3.4,False,,
FB000524,Bottoms,Mango,Fall,S,Green,80.35,0.0,80.35,2025-04-01,49,4.9,False,,
FB000525,Bottoms,Banana Republic,Fall,S,Green,104.71,0.0,104.71,2025-05-24,29,3.8,False,,
FB000526,Outerwear,Zara,Winter,S,White,180.11,11.2,159.94,2025-09-07,5,3.3,False,,
FB000527,Bottoms,Uniqlo,Fall,XS,Red,47.79,20.7,37.9,2025-11-14,2,3.6,False,,
FB000528,Outerwear,Uniqlo,Spring,XS,Green,98.51,43.2,55.95,2025-09-17,18,3.8,False,,
FB000529,Dresses,Mango,Winter,XXL,Brown,111.23,0.0,111.23,2024-11-02,49,3.8,True,Color Mismatch,2024-11-29
FB000530,Accessories,Forever21,Summer,M,Gray,23.75,25.5,17.69,2025-02-27,33,3.3,False,,
FB000531,Dresses,H&M,Summer,XS,Brown,174.05,19.8,139.59,2025-12-06,30,4.1,False,,
FB000532,Dresses,Uniqlo,Winter,XL,Navy,94.14,14.3,80.68,2025-09-21,8,4.1,False,,
FB000533,Outerwear,Gap,Winter,S,Brown,119.56,0.0,119.56,2024-01-02,12,2.9,True,Wrong Item,2024-01-23
FB000534,Accessories,H&M,Winter,L,Green,36.7,14.6,31.34,2025-10-17,0,4.3,False,,
FB000535,Shoes,Uniqlo,Summer,M,Pink,121.07,0.0,121.07,2024-04-26,0,3.6,False,,
FB000536,Shoes,Forever21,Summer,S,White,92.88,0.0,92.88,2025-05-05,43,3.3,False,,
FB000537,Accessories,Mango,Winter,S,Beige,44.94,57.9,18.92,2025-02-27,29,3.9,False,,
FB000538,Accessories,Uniqlo,Spring,XL,Purple,16.22,10.0,14.6,2024-12-28,50,4.0,False,,
FB000539,Bottoms,Uniqlo,Summer,M,Blue,105.18,31.4,72.15,2024-07-10,24,2.4,False,,
FB000540,Shoes,Ann Taylor,Summer,M,Blue,53.89,47.4,28.35,2024-08-09,19,4.7,False,,
FB000541,Bottoms,Banana Republic,Spring,XS,White,139.6,5.4,132.06,2025-05-27,30,3.3,True,Size Issue,2025-06-12
FB000542,Dresses,Uniqlo,Spring,S,Black,189.76,53.5,88.24,2024-07-29,8,3.8,False,,
FB000543,Tops,Forever21,Summer,XS,Pink,113.23,31.9,77.11,2024-12-07,5,3.8,False,,
FB000544,Accessories,Banana Republic,Spring,XS,Brown,64.3,8.1,59.09,2024-07-16,12,4.3,False,,
FB000545,Outerwear,Ann Taylor,Winter,XXL,Black,126.35,0.0,126.35,2024-01-16,7,4.3,False,,
FB000546,Outerwear,Banana Republic,Fall,XL,Navy,173.39,0.0,173.39,2024-10-17,45,4.1,False,,
FB000547,Bottoms,Banana Republic,Spring,XL,Navy,94.87,0.0,94.87,2025-04-27,1,2.3,False,,
FB000548,Accessories,Banana Republic,Winter,XS,Black,42.72,0.0,42.72,2025-08-29,38,2.8,False,,
FB000549,Dresses,Gap,Spring,M,Navy,188.97,33.4,125.85,2024-03-21,34,4.2,False,,
FB000550,Tops,Mango,Summer,XXL,Gray,29.73,0.0,29.73,2025-12-28,41,3.8,False,,
FB000551,Tops,H&M,Fall,S,Brown,45.81,7.8,42.24,2024-12-04,42,4.0,False,,
FB000552,Shoes,Gap,Winter,XS,Black,116.05,11.9,102.24,2024-10-16,10,4.1,False,,
FB000553,Outerwear,Mango,Summer,L,Black,135.4,16.9,112.52,2025-04-17,34,4.3,False,,
FB000554,Tops,H&M,Fall,XL,Red,117.39,10.1,105.53,2025-08-28,44,4.4,False,,
FB000555,Tops,Ann Taylor,Fall,S,Beige,86.96,34.2,57.22,2024-04-27,31,3.7,False,,
FB000556,Tops,Ann Taylor,Summer,L,Red,50.8,14.0,43.69,2025-09-02,43,3.7,False,,
FB000557,Tops,Ann Taylor,Winter,XXL,Beige,26.15,0.0,26.15,2025-08-17,8,3.7,False,,
FB000558,Dresses,Zara,Fall,XXL,Red,127.01,0.0,127.01,2025-08-14,39,4.0,False,,
FB000559,Bottoms,Ann Taylor,Spring,XL,Beige,66.55,48.7,34.14,2024-04-01,22,4.3,False,,
FB000560,Outerwear,Forever21,Fall,M,Green,142.77,5.8,134.49,2025-07-27,45,4.2,False,,
FB000561,Shoes,Banana Republic,Spring,XS,White,109.07,14.4,93.36,2025-01-26,45,4.8,False,,
FB000562,Tops,H&M,Fall,L,Red,38.82,18.9,31.48,2024-06-06,26,3.6,False,,
FB000563,Dresses,Mango,Fall,XS,Black,160.23,0.0,160.23,2025-11-04,31,4.8,False,,
FB000564,Bottoms,Banana Republic,Fall,XXL,Blue,133.22,53.9,61.41,2025-09-30,27,3.1,True,Size Issue,2025-10-18
FB000565,Tops,Forever21,Spring,S,Red,62.48,0.0,62.48,2024-08-30,31,3.5,False,,
FB000566,Shoes,Forever21,Spring,XS,Green,130.9,22.3,101.71,2025-12-08,30,2.5,True,Changed Mind,2025-12-25
FB000567,Shoes,Gap,Summer,XL,Brown,54.15,16.1,45.43,2024-03-20,42,3.2,False,,
FB000568,Outerwear,Uniqlo,Summer,M,Purple,212.35,12.7,185.38,2025-08-10,30,4.3,False,,
FB000569,Tops,Ann Taylor,Spring,M,Red,23.53,55.0,10.59,2025-07-31,46,3.8,False,,
FB000570,Dresses,Gap,Fall,XL,Green,161.57,0.0,161.57,2025-10-01,47,4.3,True,Wrong Item,2025-10-04
FB000571,Bottoms,Banana Republic,Spring,M,Red,103.9,0.0,103.9,2024-01-15,16,3.9,False,,
FB000572,Outerwear,Mango,Fall,XXL,Gray,142.86,0.0,142.86,2025-12-18,50,2.9,True,Size Issue,2026-01-04
FB000573,Accessories,Ann Taylor,Summer,S,Brown,75.71,0.0,75.71,2025-02-26,31,3.7,False,,
FB000574,Bottoms,Gap,Fall,S,Brown,118.12,0.0,118.12,2024-09-27,41,4.6,False,,
FB000575,Accessories,Zara,Fall,L,Blue,45.96,19.2,37.14,2024-08-27,34,4.0,False,,
FB000576,Dresses,Forever21,Winter,M,Red,140.18,9.3,127.14,2025-01-26,28,3.9,False,,
FB000577,Outerwear,Zara,Summer,XL,Beige,140.15,32.2,95.02,2024-10-06,41,4.1,True,Changed Mind,2024-11-01
FB000578,Accessories,Uniqlo,Winter,L,Beige,63.69,31.8,43.44,2025-06-16,12,2.7,False,,
FB000579,Dresses,Mango,Spring,XL,Green,164.38,20.2,131.18,2025-06-21,6,3.6,True,Wrong Item,2025-07-03
FB000580,Bottoms,Uniqlo,Spring,S,Green,32.84,0.0,32.84,2025-11-03,38,3.9,False,,
FB000581,Bottoms,Banana Republic,Summer,XS,Brown,45.59,38.0,28.27,2024-07-08,36,3.5,False,,
FB000582,Dresses,Mango,Spring,M,Gray,162.28,0.0,162.28,2024-10-10,29,3.6,False,,
FB000583,Dresses,Ann Taylor,Spring,S,Black,97.14,0.0,97.14,2024-12-06,24,4.5,False,,
FB000584,Shoes,Uniqlo,Fall,L,Black,118.68,52.2,56.73,2025-10-22,11,2.9,False,,
FB000585,Bottoms,Forever21,Fall,XL,Beige,42.75,8.9,38.95,2024-03-15,2,4.7,True,Damaged,2024-03-24
FB000586,Tops,Zara,Winter,S,Beige,84.03,53.3,39.24,2024-06-04,17,4.6,False,,
FB000587,Tops,Zara,Winter,L,Blue,60.39,36.2,38.53,2025-07-07,4,4.5,True,Wrong Item,2025-07-30
FB000588,Tops,Banana Republic,Spring,M,Beige,50.28,0.0,50.28,2024-04-02,41,2.4,True,Wrong Item,2024-04-13
FB000589,Accessories,Gap,Spring,XXL,White,26.48,0.0,26.48,2025-11-07,24,3.4,True,Changed Mind,2025-12-06
FB000590,Accessories,Ann Taylor,Winter,XS,Beige,43.47,0.0,43.47,2024-07-16,2,4.5,True,Color Mismatch,2024-07-24
FB000591,Tops,Forever21,Summer,XL,Beige,50.77,17.5,41.89,2024-01-17,28,4.4,True,Size Issue,2024-01-28
FB000592,Dresses,Zara,Winter,XS,White,187.21,29.2,132.54,2025-07-03,43,4.2,True,Size Issue,2025-08-02
FB000593,Accessories,Zara,Fall,L,Beige,16.24,52.4,7.73,2025-12-19,15,3.6,False,,
FB000594,Accessories,Mango,Summer,M,Black,44.65,0.0,44.65,2024-03-06,37,3.8,False,,
FB000595,Accessories,Banana Republic,Winter,XL,Brown,29.34,28.5,20.98,2025-11-25,47,3.8,False,,
FB000596,Accessories,Mango,Spring,S,Green,53.55,0.0,53.55,2024-10-07,7,3.1,True,Wrong Item,2024-10-13
FB000597,Dresses,Ann Taylor,Fall,L,White,207.36,0.0,207.36,2025-10-09,6,4.0,False,,
FB000598,Bottoms,Zara,Winter,XS,Green,30.87,54.1,14.17,2024-10-17,37,3.9,True,Color Mismatch,2024-11-11
FB000599,Tops,Mango,Fall,S,Beige,47.09,8.6,43.04,2025-09-17,11,3.8,False,,
FB000600,Outerwear,Mango,Winter,XL,Black,186.62,27.0,136.23,2025-07-25,0,4.7,True,Size Issue,2025-08-11
FB000601,Accessories,Ann Taylor,Fall,L,Beige,57.86,0.0,57.86,2024-04-25,12,3.8,False,,
FB000602,Dresses,Gap,Winter,S,Red,163.92,0.0,163.92,2025-01-07,41,3.8,False,,
FB000603,Tops,Uniqlo,Spring,XL,Gray,24.33,38.5,14.96,2024-06-10,11,4.1,False,,
FB000604,Tops,Banana Republic,Summer,S,Gray,79.27,0.0,79.27,2025-11-24,12,3.5,False,,
FB000605,Bottoms,Banana Republic,Spring,S,Black,58.45,8.0,53.77,2024-03-16,14,4.4,False,,
FB000606,Tops,Zara,Winter,S,White,112.79,10.8,100.61,2025-04-13,8,4.3,False,,
FB000607,Dresses,Ann Taylor,Spring,S,Navy,71.63,21.2,56.44,2024-04-23,8,4.6,False,,
FB000608,Tops,Forever21,Fall,M,White,108.64,16.8,90.39,2025-09-18,40,4.1,False,,
FB000609,Outerwear,H&M,Summer,L,Purple,163.17,51.8,78.65,2024-10-12,29,4.9,True,Changed Mind,2024-11-09
FB000610,Bottoms,H&M,Spring,L,Brown,56.69,58.9,23.3,2024-01-06,36,4.8,False,,
FB000611,Accessories,Zara,Winter,XXL,Purple,17.19,12.2,15.09,2024-04-10,44,4.1,False,,
FB000612,Bottoms,Banana Republic,Summer,XXL,Blue,143.99,0.0,143.99,2024-09-01,18,4.8,False,,
FB000613,Accessories,Zara,Winter,XXL,Pink,25.52,13.6,22.05,2024-01-25,37,4.0,False,,
FB000614,Tops,Mango,Winter,S,Navy,82.68,20.0,66.14,2024-03-13,40,3.4,False,,
FB000615,Dresses,Ann Taylor,Summer,M,Blue,177.99,32.3,120.5,2024-07-31,36,2.9,False,,
FB000616,Accessories,Ann Taylor,Summer,XL,Beige,38.66,0.0,38.66,2025-01-09,24,4.4,False,,
FB000617,Accessories,Ann Taylor,Spring,S,Beige,51.32,0.0,51.32,2024-07-28,45,4.3,False,,
FB000618,Shoes,H&M,Summer,XXL,Gray,157.98,37.4,98.9,2024-08-02,44,4.6,False,,
FB000619,Bottoms,Ann Taylor,Spring,M,Purple,111.63,0.0,111.63,2025-01-16,4,4.4,False,,
FB000620,Tops,Banana Republic,Winter,XXL,Purple,87.83,9.4,79.57,2025-01-11,39,2.9,False,,
FB000621,Dresses,Banana Republic,Fall,L,Black,63.63,45.8,34.49,2024-04-21,4,3.4,True,Changed Mind,2024-04-26
FB000622,Tops,Mango,Fall,XL,Beige,22.27,15.2,18.88,2025-04-30,8,4.3,False,,
FB000623,Tops,Zara,Spring,S,Black,22.2,36.7,14.05,2025-10-22,33,4.9,False,,
FB000624,Outerwear,Ann Taylor,Spring,L,Brown,193.2,13.2,167.7,2024-11-07,29,4.9,False,,
FB000625,Shoes,Mango,Spring,S,Gray,99.5,0.0,99.5,2024-05-31,3,4.2,False,,
FB000626,Tops,Mango,Fall,XXL,Purple,48.52,56.8,20.96,2025-11-13,44,3.8,False,,
FB000627,Bottoms,H&M,Summer,XS,Navy,98.94,10.5,88.55,2025-07-29,13,3.1,False,,
FB000628,Dresses,Ann Taylor,Spring,S,Navy,126.23,50.7,62.23,2024-01-26,7,3.9,False,,
FB000629,Tops,Mango,Winter,M,Red,20.43,39.5,12.36,2025-10-24,21,3.5,False,,
FB000630,Tops,Uniqlo,Fall,XL,Gray,53.87,0.0,53.87,2024-02-11,30,4.8,False,,
FB000631,Outerwear,Banana Republic,Spring,XS,Blue,184.98,0.0,184.98,2024-04-04,22,3.4,True,Changed Mind,2024-04-11
FB000632,Outerwear,H&M,Spring,S,Green,94.21,33.5,62.65,2025-06-08,5,3.7,False,,
FB000633,Tops,Ann Taylor,Summer,XXL,Navy,59.76,28.6,42.67,2025-01-16,24,4.7,True,Size Issue,2025-01-26
FB000634,Tops,Banana Republic,Fall,XXL,Gray,94.15,11.6,83.23,2025-03-10,10,2.8,False,,
FB000635,Tops,Mango,Summer,S,White,50.32,50.5,24.91,2024-03-08,21,4.3,False,,
FB000636,Outerwear,Forever21,Summer,XS,Blue,188.6,0.0,188.6,2025-07-23,11,3.6,False,,
FB000637,Outerwear,Mango,Fall,S,Blue,129.21,17.3,106.86,2025-08-22,19,4.2,False,,
FB000638,Outerwear,Gap,Fall,XS,Green,106.18,0.0,106.18,2025-10-13,40,4.7,False,,
FB000639,Dresses,Uniqlo,Winter,S,Gray,204.15,5.4,193.13,2024-10-10,48,3.7,False,,
FB000640,Accessories,Ann Taylor,Winter,XL,Blue,71.44,12.1,62.8,2024-05-02,44,3.5,False,,
FB000641,Dresses,Zara,Spring,S,Brown,59.95,0.0,59.95,2024-05-18,44,2.8,True,Size Issue,2024-05-27
FB000642,Shoes,Forever21,Spring,XS,Pink,86.67,6.2,81.3,2025-10-05,12,4.4,True,Size Issue,2025-10-30
FB000643,Bottoms,Ann Taylor,Spring,XXL,Pink,62.58,27.3,45.5,2025-08-16,34,3.3,True,Size Issue,2025-08-21
FB000644,Outerwear,Uniqlo,Spring,L,Blue,137.85,42.0,79.95,2025-05-30,9,4.8,True,Changed Mind,2025-06-28
FB000645,Outerwear,Banana Republic,Winter,L,Black,99.82,0.0,99.82,2025-05-06,1,3.6,False,,
FB000646,Dresses,Ann Taylor,Fall,L,Brown,138.93,43.4,78.63,2024-01-30,19,4.2,False,,
FB000647,Accessories,H&M,Fall,XXL,Red,59.72,0.0,59.72,2024-05-13,13,2.7,False,,
FB000648,Tops,Banana Republic,Summer,XS,Gray,95.73,0.0,95.73,2024-02-03,6,3.9,False,,
FB000649,Outerwear,Zara,Winter,XS,Pink,87.36,0.0,87.36,2024-04-08,0,4.4,False,,
FB000650,Outerwear,H&M,Fall,S,Beige,139.76,0.0,139.76,2024-10-11,47,3.7,False,,
FB000651,Shoes,Ann Taylor,Fall,XL,Brown,78.69,6.5,73.58,2024-01-15,37,3.5,False,,
FB000652,Dresses,H&M,Spring,S,Purple,50.74,38.5,31.21,2025-12-25,32,3.7,False,,
FB000653,Dresses,Mango,Winter,XXL,Black,80.74,10.7,72.1,2025-06-10,13,3.5,True,Size Issue,2025-06-21
FB000654,Accessories,Gap,Summer,XL,Red,47.23,9.3,42.84,2024-02-11,46,4.1,True,Wrong Item,2024-02-15
FB000655,Tops,Uniqlo,Winter,XL,Pink,88.7,24.5,66.97,2024-10-24,26,3.9,False,,
FB000656,Tops,H&M,Summer,L,Beige,56.74,0.0,56.74,2025-05-18,43,2.1,False,,
FB000657,Tops,Gap,Summer,XS,Red,59.48,39.6,35.93,2024-06-21,47,4.3,True,Color Mismatch,2024-07-02
FB000658,Bottoms,Forever21,Summer,S,Blue,117.02,0.0,117.02,2025-08-18,45,4.0,False,,
FB000659,Dresses,Forever21,Spring,L,Beige,152.54,12.3,133.78,2024-05-30,17,4.2,False,,
FB000660,Accessories,Banana Republic,Spring,L,Gray,30.0,40.6,17.82,2024-02-24,47,3.7,False,,
FB000661,Tops,Zara,Fall,L,Brown,87.92,0.0,87.92,2025-09-30,39,4.4,True,Size Issue,2025-10-22
FB000662,Outerwear,Gap,Winter,S,Pink,192.56,8.9,175.42,2025-07-07,21,2.7,False,,
FB000663,Accessories,Forever21,Summer,L,Gray,35.45,11.9,31.23,2024-06-30,2,4.7,False,,
FB000664,Shoes,Mango,Winter,L,Red,89.99,16.5,75.14,2025-11-22,36,4.2,False,,
FB000665,Outerwear,Gap,Winter,XL,Red,166.14,12.4,145.54,2025-09-23,24,3.5,False,,
FB000666,Shoes,Ann Taylor,Summer,XS,Brown,47.22,27.0,34.47,2025-08-20,47,3.6,True,Color Mismatch,2025-08-31
FB000667,Tops,Banana Republic,Winter,M,Navy,61.19,0.0,61.19,2024-09-10,15,4.1,False,,
FB000668,Shoes,Banana Republic,Summer,M,Black,94.02,0.0,94.02,2024-02-08,20,4.4,False,,
FB000669,Tops,Forever21,Spring,XS,Gray,78.8,47.6,41.29,2024-11-26,24,3.8,False,,
FB000670,Tops,Banana Republic,Fall,M,Gray,70.28,26.8,51.44,2024-11-02,39,4.7,False,,
FB000671,Tops,H&M,Winter,XXL,Black,104.04,9.3,94.36,2024-10-31,3,4.0,False,,
FB000672,Tops,H&M,Summer,XXL,Brown,29.47,0.0,29.47,2025-08-03,4,3.9,False,,
FB000673,Tops,Forever21,Fall,M,Black,85.15,0.0,85.15,2025-03-19,19,2.8,False,,
FB000674,Shoes,H&M,Winter,L,Pink,139.99,16.5,116.89,2024-01-20,11,4.7,False,,
FB000675,Outerwear,Mango,Winter,S,Beige,243.56,29.3,172.2,2025-06-29,40,4.1,False,,
FB000676,Tops,Zara,Fall,M,Gray,34.77,0.0,34.77,2024-11-03,43,3.9,False,,
FB000677,Tops,Ann Taylor,Summer,XXL,White,104.6,0.0,104.6,2025-10-23,18,3.7,True,Changed Mind,2025-10-31
FB000678,Tops,H&M,Summer,S,White,22.77,26.2,16.8,2025-07-27,31,2.8,False,,
FB000679,Tops,Zara,Fall,S,Pink,33.64,0.0,33.64,2025-11-05,17,4.4,False,,
FB000680,Dresses,Zara,Winter,XS,Green,196.13,0.0,196.13,2024-11-01,38,4.0,False,,
FB000681,Tops,Ann Taylor,Summer,L,Red,43.6,12.5,38.15,2025-06-18,7,3.4,False,,
FB000682,Outerwear,Uniqlo,Winter,XS,White,181.97,26.3,134.11,2025-02-03,37,3.8,False,,
FB000683,Dresses,H&M,Winter,S,Red,68.16,0.0,68.16,2025-03-26,17,3.6,False,,
FB000684,Outerwear,Zara,Winter,XL,Navy,198.94,0.0,198.94,2025-03-09,34,4.1,False,,
FB000685,Bottoms,Uniqlo,Fall,M,Gray,115.88,20.4,92.24,2024-02-05,38,4.3,False,,
FB000686,Dresses,Zara,Fall,M,Purple,115.4,15.5,97.51,2024-05-04,43,3.6,False,,
FB000687,Bottoms,Gap,Winter,XS,Blue,141.3,46.0,76.3,2024-08-29,48,3.8,True,Color Mismatch,2024-09-04
FB000688,Tops,Ann Taylor,Winter,XS,Pink,106.64,38.8,65.26,2025-02-26,30,4.7,False,,
FB000689,Shoes,Forever21,Summer,S,Pink,121.01,14.0,104.07,2024-11-30,35,3.6,False,,
FB000690,Accessories,Zara,Fall,XXL,Gray,66.42,0.0,66.42,2024-07-23,25,3.1,False,,
FB000691,Shoes,Banana Republic,Summer,S,White,122.62,56.6,53.22,2024-05-13,48,3.6,False,,
FB000692,Dresses,Forever21,Spring,L,Gray,198.5,0.0,198.5,2025-12-04,11,2.8,False,,
FB000693,Shoes,Uniqlo,Fall,XS,Blue,98.82,10.7,88.25,2024-08-17,36,4.7,True,Size Issue,2024-09-04
FB000694,Dresses,H&M,Summer,L,White,94.5,41.0,55.76,2025-03-15,39,3.2,True,Changed Mind,2025-03-27
FB000695,Bottoms,Banana Republic,Summer,XXL,Purple,82.22,49.1,41.85,2025-05-21,43,4.8,True,Changed Mind,2025-05-28
FB000696,Shoes,Uniqlo,Winter,L,Red,109.01,0.0,109.01,2024-10-16,13,2.8,False,,
FB000697,Bottoms,Forever21,Fall,L,Red,33.45,44.7,18.5,2024-09-11,28,4.0,False,,
FB000698,Dresses,Gap,Summer,XS,Gray,72.64,0.0,72.64,2025-02-11,44,4.0,False,,
FB000699,Dresses,Forever21,Winter,XXL,Brown,93.56,0.0,93.56,2024-02-23,3,4.2,True,Size Issue,2024-03-24
FB000700,Shoes,Zara,Summer,M,Purple,139.15,0.0,139.15,2025-11-18,25,4.2,False,,
FB000701,Outerwear,Zara,Fall,M,Red,165.64,57.6,70.23,2024-04-01,8,3.8,True,Size Issue,2024-04-06
FB000702,Shoes,Banana Republic,Spring,XS,Red,119.87,45.6,65.21,2025-03-16,23,3.7,True,Color Mismatch,2025-04-05
FB000703,Shoes,Ann Taylor,Winter,S,Navy,157.9,19.3,127.43,2025-11-04,35,4.4,False,,
FB000704,Tops,Zara,Fall,S,Green,42.99,0.0,42.99,2024-06-16,16,4.2,False,,
FB000705,Tops,Banana Republic,Winter,XS,Gray,55.65,29.7,39.12,2024-04-25,31,3.7,False,,
FB000706,Bottoms,Banana Republic,Spring,XS,White,134.18,0.0,134.18,2025-06-04,10,4.5,False,,
FB000707,Outerwear,H&M,Summer,XL,Brown,110.7,44.9,61.0,2025-11-24,31,4.0,True,Changed Mind,2025-12-04
FB000708,Dresses,Banana Republic,Winter,M,Brown,207.96,0.0,207.96,2024-06-06,20,3.8,True,Wrong Item,2024-07-03
FB000709,Dresses,Gap,Winter,XXL,Pink,151.01,0.0,151.01,2025-11-02,2,4.5,False,,
FB000710,Tops,Ann Taylor,Fall,S,Green,100.16,0.0,100.16,2024-03-13,3,4.4,False,,
FB000711,Outerwear,Forever21,Summer,L,Pink,110.26,57.3,47.08,2024-01-22,5,3.7,False,,
FB000712,Bottoms,Forever21,Winter,M,Beige,120.31,22.4,93.36,2025-03-18,31,3.2,False,,
FB000713,Shoes,Mango,Spring,XXL,Black,173.13,12.3,151.84,2025-05-02,24,4.3,False,,
FB000714,Outerwear,Forever21,Summer,L,Navy,184.36,11.4,163.34,2025-06-09,2,4.5,True,Wrong Item,2025-07-01
FB000715,Bottoms,Mango,Winter,XL,Beige,107.67,0.0,107.67,2025-03-23,29,4.5,True,Wrong Item,2025-04-02
FB000716,Bottoms,Mango,Spring,S,Purple,81.33,13.3,70.51,2025-06-09,2,3.2,True,Wrong Item,2025-06-23
FB000717,Accessories,Gap,Spring,M,Pink,53.06,20.3,42.29,2025-11-08,47,4.0,False,,
FB000718,Bottoms,Forever21,Summer,XS,Blue,135.21,0.0,135.21,2025-04-10,37,2.5,False,,
FB000719,Tops,Uniqlo,Spring,S,White,38.51,32.1,26.15,2024-04-18,43,3.3,False,,
FB000720,Accessories,Zara,Winter,XS,Green,26.16,15.4,22.13,2025-09-08,42,4.4,False,,
FB000721,Shoes,Ann Taylor,Winter,M,Black,60.01,0.0,60.01,2024-01-17,7,4.8,False,,
FB000722,Bottoms,Zara,Fall,L,Beige,47.42,0.0,47.42,2025-07-05,40,4.3,False,,
FB000723,Shoes,Gap,Fall,L,Blue,43.49,0.0,43.49,2025-12-20,9,4.0,False,,
FB000724,Tops,Gap,Summer,L,Brown,44.26,0.0,44.26,2024-02-22,25,3.5,False,,
FB000725,Accessories,Forever21,Winter,L,Brown,53.73,9.4,48.68,2025-02-13,31,3.3,False,,
FB000726,Outerwear,Gap,Fall,XXL,Green,169.81,9.7,153.34,2024-10-01,4,4.8,False,,
FB000727,Tops,Gap,Summer,L,Brown,113.9,0.0,113.9,2025-03-22,44,4.4,True,Changed Mind,2025-04-15
FB000728,Bottoms,Gap,Spring,L,White,90.92,15.3,77.01,2025-11-03,38,3.3,False,,
FB000729,Shoes,Forever21,Winter,XXL,Beige,157.53,36.0,100.82,2025-09-28,10,4.0,True,Changed Mind,2025-10-01
FB000730,Dresses,Gap,Fall,S,White,76.57,16.9,63.63,2024-11-06,31,3.0,True,Color Mismatch,2024-11-08
FB000731,Accessories,Ann Taylor,Spring,M,Beige,25.31,37.9,15.72,2024-03-06,2,3.9,False,,
FB000732,Accessories,H&M,Summer,XL,White,46.61,55.7,20.65,2024-02-17,49,4.3,False,,
FB000733,Outerwear,Uniqlo,Fall,XXL,Purple,182.73,0.0,182.73,2025-03-24,3,3.7,False,,
FB000734,Accessories,Banana Republic,Summer,XL,Green,47.97,0.0,47.97,2024-07-29,7,4.0,False,,
FB000735,Bottoms,Uniqlo,Winter,XL,Gray,117.91,0.0,117.91,2025-01-07,41,3.1,False,,
FB000736,Bottoms,Banana Republic,Fall,L,Blue,122.31,0.0,122.31,2024-12-15,30,4.7,False,,
FB000737,Bottoms,Banana Republic,Spring,M,Blue,73.28,23.0,56.43,2025-06-26,48,4.5,False,,
FB000738,Bottoms,Mango,Winter,L,Blue,137.77,50.3,68.47,2025-01-05,43,3.9,False,,
FB000739,Tops,Mango,Summer,XXL,Purple,114.36,0.0,114.36,2025-02-15,20,4.0,False,,
FB000740,Bottoms,Forever21,Summer,L,Green,109.22,18.5,89.01,2025-10-08,3,4.6,False,,
FB000741,Dresses,Uniqlo,Winter,L,Beige,169.13,54.4,77.12,2024-12-18,20,4.1,True,Changed Mind,2025-01-04
FB000742,Outerwear,Mango,Winter,L,Beige,114.87,16.8,95.57,2025-03-28,41,3.8,False,,
FB000743,Dresses,Forever21,Fall,M,Black,56.28,0.0,56.28,2024-05-09,46,3.0,False,,
FB000744,Outerwear,Uniqlo,Fall,XS,Purple,173.8,16.4,145.3,2024-01-24,10,3.9,True,Changed Mind,2024-02-12
FB000745,Shoes,H&M,Spring,XXL,Blue,197.91,0.0,197.91,2025-01-16,3,4.6,True,Size Issue,2025-01-20
FB000746,Accessories,Banana Republic,Winter,M,Brown,62.9,19.7,50.51,2025-08-18,47,2.7,False,,
FB000747,Dresses,H&M,Spring,M,Pink,163.38,31.5,111.92,2025-01-21,8,2.7,False,,
FB000748,Bottoms,Banana Republic,Spring,XL,Brown,53.11,29.1,37.65,2025-12-29,9,3.6,False,,
FB000749,Tops,Banana Republic,Summer,XS,Blue,108.85,11.7,96.11,2025-11-24,23,3.6,False,,
FB000750,Outerwear,Forever21,Spring,XL,Gray,188.2,53.8,86.95,2025-03-02,31,4.6,False,,
FB000751,Bottoms,Mango,Winter,XXL,Gray,45.53,37.3,28.55,2025-12-12,7,3.6,True,Size Issue,2026-01-05
FB000752,Bottoms,Ann Taylor,Summer,XL,Blue,43.24,9.3,39.22,2024-06-05,33,4.1,False,,
FB000753,Shoes,Ann Taylor,Spring,M,Gray,44.48,0.0,44.48,2025-08-26,50,4.1,False,,
FB000754,Shoes,Uniqlo,Fall,S,Gray,40.33,6.0,37.91,2025-03-03,2,4.1,False,,
FB000755,Shoes,Gap,Spring,L,Gray,173.51,22.7,134.12,2025-05-31,8,4.4,False,,
FB000756,Tops,Gap,Fall,XXL,Navy,28.93,14.4,24.76,2024-08-26,24,4.2,False,,
FB000757,Shoes,Zara,Winter,XXL,Pink,143.35,54.1,65.8,2025-10-07,36,3.0,False,,
FB000758,Dresses,Uniqlo,Summer,XXL,Purple,64.48,50.8,31.72,2024-02-24,48,3.7,False,,
FB000759,Outerwear,H&M,Winter,XL,Green,100.45,43.6,56.65,2024-10-08,1,4.6,False,,
FB000760,Bottoms,Gap,Summer,XL,Brown,68.45,12.4,59.96,2024-12-14,1,4.4,False,,
FB000761,Tops,Zara,Spring,L,Pink,29.1,50.8,14.32,2024-05-27,18,4.0,True,Size Issue,2024-06-01
FB000762,Shoes,Forever21,Fall,XS,Brown,193.78,0.0,193.78,2024-02-29,45,4.5,True,Size Issue,2024-03-05
FB000763,Tops,Ann Taylor,Spring,L,Black,25.19,0.0,25.19,2025-08-23,38,3.6,False,,
FB000764,Outerwear,Forever21,Summer,M,Green,134.12,6.0,126.07,2025-02-21,1,4.0,False,,
FB000765,Accessories,Uniqlo,Summer,S,Purple,57.35,0.0,57.35,2025-02-20,36,3.6,False,,
FB000766,Dresses,H&M,Fall,M,Purple,217.5,30.8,150.51,2025-07-22,27,4.6,False,,
FB000767,Accessories,Gap,Spring,XXL,Red,15.04,49.6,7.58,2024-09-13,38,3.7,False,,
FB000768,Tops,Ann Taylor,Fall,XL,Purple,48.13,0.0,48.13,2025-07-30,34,4.2,False,,
FB000769,Accessories,Forever21,Summer,S,Purple,79.92,44.2,44.6,2024-11-21,32,3.0,False,,
FB000770,Shoes,Uniqlo,Winter,M,White,145.96,0.0,145.96,2025-04-15,13,4.5,False,,
FB000771,Shoes,Zara,Fall,XXL,Green,137.41,0.0,137.41,2025-11-19,0,3.6,True,Size Issue,2025-12-12
FB000772,Dresses,Gap,Winter,XL,Black,183.84,6.2,172.44,2025-11-18,1,3.9,False,,
FB000773,Accessories,Ann Taylor,Winter,XL,Navy,40.14,36.2,25.61,2024-05-07,0,4.3,False,,
FB000774,Bottoms,Gap,Summer,S,Green,121.01,34.2,79.62,2024-04-02,12,4.7,False,,
FB000775,Dresses,Uniqlo,Fall,S,Gray,214.44,0.0,214.44,2025-12-21,31,4.0,False,,
FB000776,Bottoms,Zara,Fall,XXL,Blue,43.31,0.0,43.31,2025-05-20,32,3.6,True,Size Issue,2025-06-13
FB000777,Outerwear,Mango,Summer,XL,Red,206.82,0.0,206.82,2024-08-21,36,4.2,False,,
FB000778,Dresses,Uniqlo,Fall,XXL,Green,218.63,30.7,151.51,2025-11-28,16,4.5,False,,
FB000779,Tops,Zara,Winter,XXL,Beige,114.31,0.0,114.31,2025-03-18,20,4.4,False,,
FB000780,Tops,Uniqlo,Summer,XXL,Purple,66.66,16.4,55.73,2024-08-17,46,4.4,True,Color Mismatch,2024-09-04
FB000781,Tops,Ann Taylor,Summer,L,White,53.47,56.2,23.42,2024-08-19,47,3.6,False,,
FB000782,Tops,Banana Republic,Fall,S,Red,52.92,0.0,52.92,2024-04-09,40,4.6,False,,
FB000783,Tops,Zara,Spring,M,White,30.78,0.0,30.78,2024-02-25,21,4.4,False,,
FB000784,Outerwear,H&M,Summer,XL,Brown,154.55,0.0,154.55,2025-08-15,28,4.3,True,Size Issue,2025-09-14
FB000785,Accessories,Forever21,Spring,XXL,Black,65.87,0.0,65.87,2024-02-26,28,4.1,False,,
FB000786,Dresses,Forever21,Summer,XS,Beige,59.48,0.0,59.48,2025-02-15,24,4.2,True,Changed Mind,2025-02-23
FB000787,Outerwear,Zara,Winter,L,Gray,215.18,52.4,102.43,2025-10-28,21,4.2,False,,
FB000788,Accessories,Gap,Spring,XL,White,22.02,0.0,22.02,2024-03-10,45,4.0,False,,
FB000789,Bottoms,Mango,Spring,M,Blue,87.77,7.8,80.92,2024-02-15,8,2.8,True,Changed Mind,2024-03-05
FB000790,Tops,Ann Taylor,Spring,XL,Purple,97.55,0.0,97.55,2025-09-09,19,2.7,False,,
FB000791,Shoes,Zara,Fall,XS,White,121.14,37.2,76.08,2024-12-18,27,4.3,True,Size Issue,2025-01-17
FB000792,Bottoms,Banana Republic,Spring,S,Beige,87.09,29.3,61.57,2024-12-05,44,3.1,False,,
FB000793,Outerwear,Ann Taylor,Spring,L,Navy,107.59,16.8,89.51,2025-05-22,2,3.9,False,,
FB000794,Accessories,H&M,Fall,L,Brown,28.85,16.5,24.09,2025-01-19,21,4.4,False,,
FB000795,Bottoms,Zara,Spring,XS,Black,72.95,7.1,67.77,2024-07-18,28,4.4,False,,
FB000796,Shoes,Zara,Summer,S,White,85.46,0.0,85.46,2024-06-27,16,4.2,False,,
FB000797,Outerwear,H&M,Fall,S,Green,109.93,0.0,109.93,2024-01-22,6,3.9,False,,
FB000798,Bottoms,Forever21,Summer,M,White,66.61,0.0,66.61,2025-11-07,23,3.5,False,,
FB000799,Outerwear,Forever21,Summer,XS,Red,230.06,0.0,230.06,2024-07-15,12,4.9,False,,
FB000800,Dresses,Ann Taylor,Spring,XL,Blue,216.09,0.0,216.09,2025-09-22,2,4.3,False,,
FB000801,Outerwear,Uniqlo,Fall,M,White,89.05,37.5,55.66,2025-08-21,32,4.9,False,,
FB000802,Bottoms,Banana Republic,Winter,XXL,Brown,37.78,16.3,31.62,2025-06-05,41,3.3,False,,
FB000803,Outerwear,Gap,Fall,M,Navy,169.33,19.3,136.65,2024-10-01,30,2.9,False,,
FB000804,Dresses,Zara,Fall,S,White,126.85,0.0,126.85,2024-11-09,13,3.7,False,,
FB000805,Tops,Mango,Spring,M,Purple,28.48,25.9,21.1,2024-12-26,33,4.2,False,,
FB000806,Accessories,Gap,Spring,L,Gray,45.39,17.1,37.63,2024-10-06,20,4.2,False,,
FB000807,Bottoms,Gap,Fall,M,Beige,39.11,45.9,21.16,2025-06-09,32,3.5,False,,
FB000808,Accessories,Uniqlo,Fall,XS,Black,19.64,0.0,19.64,2024-12-07,12,4.5,False,,
FB000809,Shoes,Uniqlo,Spring,XXL,Beige,175.27,0.0,175.27,2024-05-21,38,3.5,False,,
FB000810,Dresses,Uniqlo,Summer,M,Pink,189.79,28.1,136.46,2025-08-16,25,3.2,False,,
FB000811,Accessories,Gap,Fall,L,White,29.75,29.5,20.97,2025-08-24,33,3.2,False,,
FB000812,Tops,Gap,Spring,XS,Navy,104.58,19.1,84.61,2024-08-02,26,3.9,False,,
FB000813,Outerwear,Zara,Spring,S,Brown,228.54,0.0,228.54,2024-01-10,47,3.8,False,,
FB000814,Dresses,Ann Taylor,Spring,S,Blue,122.37,35.3,79.17,2025-07-04,44,4.4,False,,
FB000815,Outerwear,Zara,Summer,S,Red,246.13,51.4,119.62,2025-09-14,38,2.9,True,Changed Mind,2025-09-27
FB000816,Bottoms,Forever21,Summer,XL,Blue,52.6,0.0,52.6,2025-04-07,36,3.4,False,,
FB000817,Shoes,Banana Republic,Fall,XS,Beige,128.47,0.0,128.47,2025-09-09,44,3.9,False,,
FB000818,Bottoms,H&M,Summer,L,Pink,54.71,0.0,54.71,2024-03-12,33,4.5,False,,
FB000819,Shoes,Zara,Fall,M,Blue,102.58,42.6,58.88,2025-05-04,26,4.2,False,,
FB000820,Tops,H&M,Fall,S,Pink,63.22,29.5,44.57,2025-08-11,38,4.6,False,,
FB000821,Outerwear,H&M,Winter,M,White,81.27,0.0,81.27,2025-02-12,4,3.3,False,,
FB000822,Bottoms,Ann Taylor,Winter,L,Gray,99.14,25.8,73.56,2024-12-21,29,4.6,False,,
FB000823,Dresses,Uniqlo,Winter,XL,Red,120.56,0.0,120.56,2025-03-18,39,3.9,False,,
FB000824,Dresses,Mango,Summer,L,Green,90.75,45.5,49.46,2025-07-04,40,3.9,True,Color Mismatch,2025-07-27
FB000825,Dresses,H&M,Winter,L,Purple,70.61,16.3,59.1,2024-11-29,32,3.2,True,Quality Issue,2024-12-08
FB000826,Bottoms,Zara,Winter,XS,Black,106.66,29.2,75.52,2025-02-12,21,4.8,False,,
FB000827,Tops,Zara,Summer,M,Black,90.91,0.0,90.91,2025-04-20,42,3.4,False,,
FB000828,Accessories,Banana Republic,Fall,XXL,Gray,24.12,36.8,15.24,2024-01-19,10,3.7,False,,
FB000829,Bottoms,Uniqlo,Summer,XL,Blue,50.21,20.2,40.07,2024-06-06,17,3.6,False,,
FB000830,Bottoms,H&M,Summer,XXL,Purple,55.94,36.7,35.41,2025-10-18,33,4.1,False,,
FB000831,Dresses,Banana Republic,Winter,XXL,Pink,125.48,5.7,118.33,2024-07-25,24,3.1,False,,
FB000832,Shoes,H&M,Fall,XS,Green,107.47,46.7,57.28,2025-11-27,12,4.6,False,,
FB000833,Bottoms,Banana Republic,Fall,XXL,Red,35.28,17.2,29.21,2025-07-29,20,3.8,False,,
FB000834,Outerwear,H&M,Winter,L,Black,119.51,0.0,119.51,2024-06-26,20,4.8,True,Damaged,2024-07-07
FB000835,Accessories,Forever21,Fall,L,White,19.29,33.0,12.92,2024-02-14,23,3.9,True,Quality Issue,2024-02-28
FB000836,Shoes,Gap,Summer,XXL,Purple,166.6,51.4,80.97,2024-04-07,16,4.2,False,,
FB000837,Dresses,Forever21,Fall,M,Red,158.01,46.4,84.69,2025-05-08,42,3.3,True,Changed Mind,2025-06-07
FB000838,Outerwear,Gap,Winter,XL,Beige,206.11,15.6,173.96,2024-08-26,0,4.6,True,Size Issue,2024-09-05
FB000839,Bottoms,Forever21,Fall,XL,Black,37.19,9.4,33.69,2025-01-19,9,4.8,False,,
FB000840,Accessories,H&M,Winter,XXL,Navy,23.73,0.0,23.73,2024-02-10,50,1.7,True,Wrong Item,2024-03-02
FB000841,Shoes,Zara,Fall,XXL,Navy,94.84,0.0,94.84,2025-11-11,3,4.0,False,,
FB000842,Dresses,H&M,Winter,XL,Navy,81.2,6.0,76.33,2024-03-12,31,3.7,False,,
FB000843,Accessories,Mango,Fall,S,Black,26.29,16.9,21.85,2024-08-29,13,3.1,False,,
FB000844,Tops,Gap,Spring,S,White,44.49,0.0,44.49,2024-11-06,15,3.7,False,,
FB000845,Tops,H&M,Spring,L,Black,115.1,10.7,102.78,2025-03-27,30,3.7,False,,
FB000846,Outerwear,Forever21,Fall,L,Green,209.53,6.2,196.54,2025-09-01,19,3.6,False,,
FB000847,Outerwear,Mango,Spring,L,Gray,131.99,0.0,131.99,2025-09-12,35,4.4,False,,
FB000848,Shoes,Mango,Winter,S,Red,186.58,0.0,186.58,2025-01-18,32,3.9,False,,
FB000849,Tops,Forever21,Spring,L,Gray,50.78,41.4,29.76,2024-05-07,2,4.7,False,,
FB000850,Outerwear,Mango,Fall,L,Pink,211.12,27.0,154.12,2025-05-15,45,3.7,False,,
FB000851,Shoes,Zara,Winter,L,White,78.78,0.0,78.78,2025-10-08,23,4.2,False,,
FB000852,Accessories,Mango,Spring,XL,Gray,76.38,0.0,76.38,2025-09-08,15,3.0,False,,
FB000853,Dresses,Mango,Summer,XS,Black,159.55,48.0,82.97,2024-03-23,37,3.6,False,,
FB000854,Bottoms,Forever21,Fall,L,Pink,113.02,13.0,98.33,2025-08-23,24,3.1,False,,
FB000855,Tops,Banana Republic,Summer,XXL,Brown,97.67,0.0,97.67,2024-10-02,9,3.9,False,,
FB000856,Dresses,Forever21,Spring,XS,Red,188.79,0.0,188.79,2025-12-14,4,4.2,False,,
FB000857,Tops,Uniqlo,Winter,S,Red,57.47,24.0,43.68,2025-05-29,11,3.7,False,,
FB000858,Tops,H&M,Fall,S,Green,94.99,23.8,72.38,2025-03-27,26,2.8,False,,
FB000859,Outerwear,Banana Republic,Fall,XS,Pink,94.57,0.0,94.57,2024-12-16,4,3.7,True,Size Issue,2025-01-01
FB000860,Dresses,Banana Republic,Summer,XS,Pink,177.81,0.0,177.81,2024-02-12,37,4.0,True,Size Issue,2024-02-13
FB000861,Tops,Uniqlo,Winter,L,Navy,80.44,0.0,80.44,2024-12-17,43,3.1,False,,
FB000862,Bottoms,Ann Taylor,Winter,L,Brown,36.87,10.0,33.18,2024-01-04,6,3.9,False,,
FB000863,Dresses,Forever21,Fall,XS,Brown,70.89,19.3,57.21,2024-09-11,48,2.9,True,Changed Mind,2024-10-03
FB000864,Tops,Forever21,Fall,XS,Beige,115.75,20.3,92.25,2024-02-16,23,3.6,False,,
FB000865,Dresses,Ann Taylor,Winter,S,Brown,132.37,35.9,84.85,2025-03-14,22,3.9,False,,
FB000866,Tops,Banana Republic,Winter,M,Brown,39.51,0.0,39.51,2025-08-08,33,3.4,False,,
FB000867,Dresses,Zara,Fall,L,Black,101.23,31.0,69.85,2024-06-21,29,4.3,False,,
FB000868,Accessories,Gap,Fall,S,White,26.08,54.0,12.0,2025-03-21,6,2.2,False,,
FB000869,Accessories,Mango,Spring,L,Pink,29.32,0.0,29.32,2025-11-17,30,3.9,False,,
FB000870,Bottoms,Gap,Summer,XXL,Navy,134.63,55.3,60.18,2024-03-07,38,3.7,False,,
FB000871,Tops,Forever21,Winter,S,White,45.91,0.0,45.91,2024-04-01,7,4.2,False,,
FB000872,Outerwear,H&M,Summer,XL,Navy,101.66,0.0,101.66,2025-08-13,24,4.3,False,,
FB000873,Shoes,Zara,Fall,L,Blue,91.14,15.2,77.29,2024-05-09,50,4.1,False,,
FB000874,Outerwear,H&M,Summer,L,Green,171.51,7.2,159.16,2024-08-12,18,4.4,False,,
FB000875,Tops,Mango,Spring,S,Beige,104.91,20.7,83.19,2024-11-12,20,2.6,False,,
FB000876,Dresses,Banana Republic,Spring,XXL,Brown,131.31,29.9,92.05,2025-01-20,45,3.3,True,Color Mismatch,2025-01-25
FB000877,Dresses,H&M,Fall,XXL,Green,206.94,37.1,130.17,2025-02-05,46,3.4,True,Color Mismatch,2025-03-07
FB000878,Bottoms,Zara,Winter,M,Blue,111.35,55.2,49.88,2024-03-14,25,4.6,False,,
FB000879,Shoes,Uniqlo,Fall,XXL,Purple,103.0,0.0,103.0,2025-08-17,48,4.2,False,,
FB000880,Accessories,Uniqlo,Winter,XXL,Red,52.52,12.2,46.11,2024-08-02,9,2.8,True,Changed Mind,2024-08-26
FB000881,Dresses,Zara,Spring,XXL,Brown,67.33,37.2,42.28,2025-03-13,24,4.1,False,,
FB000882,Bottoms,Zara,Summer,M,Gray,51.56,0.0,51.56,2025-10-27,32,4.0,False,,
FB000883,Tops,Mango,Winter,S,Green,31.88,9.5,28.85,2024-06-25,38,3.7,False,,
FB000884,Tops,Banana Republic,Winter,XXL,Blue,47.52,27.3,34.55,2024-04-29,7,2.8,True,Size Issue,2024-05-21
FB000885,Outerwear,H&M,Summer,XL,Brown,247.85,15.4,209.68,2025-08-30,6,3.3,True,Wrong Item,2025-09-20
FB000886,Dresses,Forever21,Spring,XL,Red,66.91,0.0,66.91,2025-07-04,50,4.7,True,Damaged,2025-07-05
FB000887,Tops,Gap,Summer,XL,Brown,73.9,33.0,49.51,2024-07-31,48,4.9,False,,
FB000888,Accessories,Mango,Fall,XS,Purple,44.07,0.0,44.07,2024-05-11,2,3.8,False,,
FB000889,Dresses,Mango,Summer,XL,Pink,194.75,0.0,194.75,2025-06-02,7,4.0,True,Color Mismatch,2025-06-08
FB000890,Tops,Zara,Fall,M,Green,114.62,16.7,95.48,2025-06-30,42,4.0,False,,
FB000891,Outerwear,Gap,Spring,XL,Navy,183.05,15.3,155.04,2024-02-15,42,3.7,True,Quality Issue,2024-02-20
FB000892,Shoes,H&M,Fall,XL,Purple,74.57,6.9,69.42,2025-03-08,39,3.6,True,Changed Mind,2025-03-17
FB000893,Tops,Mango,Winter,L,Black,114.47,38.8,70.06,2025-07-02,9,3.0,True,Damaged,2025-07-26
FB000894,Shoes,H&M,Spring,XL,Beige,143.64,7.5,132.87,2024-11-19,9,4.5,False,,
FB000895,Tops,Forever21,Summer,XL,White,27.75,0.0,27.75,2025-12-01,7,2.8,False,,
FB000896,Accessories,Ann Taylor,Summer,M,Navy,65.57,0.0,65.57,2024-10-07,14,4.8,False,,
FB000897,Tops,H&M,Winter,XS,Black,37.57,26.1,27.76,2024-04-07,31,2.3,True,Damaged,2024-05-05
FB000898,Shoes,Uniqlo,Summer,XS,Red,90.88,23.6,69.43,2025-11-25,47,4.7,False,,
FB000899,Outerwear,Forever21,Winter,XL,Red,124.04,34.3,81.49,2024-05-09,42,3.5,True,Color Mismatch,2024-06-02
FB000900,Shoes,Zara,Spring,XXL,White,148.51,11.9,130.84,2024-12-28,28,2.4,False,,
FB000901,Outerwear,Uniqlo,Spring,L,Purple,240.09,56.3,104.92,2025-10-12,19,4.5,False,,
FB000902,Shoes,Forever21,Spring,XS,Beige,52.72,38.9,32.21,2025-08-12,10,4.0,True,Changed Mind,2025-08-30
FB000903,Tops,Zara,Winter,XXL,Purple,113.24,0.0,113.24,2025-06-11,31,4.0,False,,
FB000904,Dresses,Banana Republic,Winter,XS,Brown,82.33,20.1,65.78,2025-12-20,27,4.1,False,,
FB000905,Shoes,H&M,Summer,XL,Gray,194.34,37.6,121.27,2024-08-18,33,3.8,True,Changed Mind,2024-09-14
FB000906,Bottoms,Ann Taylor,Summer,L,Gray,75.49,6.7,70.43,2024-09-12,43,3.1,False,,
FB000907,Accessories,Uniqlo,Spring,L,Pink,32.21,0.0,32.21,2025-08-05,40,3.6,False,,
FB000908,Shoes,Zara,Winter,XL,Gray,49.2,0.0,49.2,2024-12-02,29,3.8,False,,
FB000909,Accessories,Zara,Spring,XXL,Red,41.13,0.0,41.13,2025-05-18,27,2.7,True,Size Issue,2025-06-16
FB000910,Bottoms,Forever21,Summer,L,Green,48.68,24.5,36.75,2025-01-18,25,4.2,False,,
FB000911,Tops,Mango,Spring,XS,Gray,85.63,7.1,79.55,2025-03-20,47,3.6,True,Color Mismatch,2025-04-12
FB000912,Bottoms,Banana Republic,Fall,M,Green,46.04,10.0,41.44,2024-06-13,2,2.3,False,,
FB000913,Tops,Uniqlo,Summer,L,Gray,75.01,34.3,49.28,2025-02-13,20,3.9,False,,
FB000914,Dresses,Forever21,Fall,XS,Black,184.76,0.0,184.76,2025-05-27,22,3.7,True,Changed Mind,2025-05-29
FB000915,Dresses,Ann Taylor,Winter,XL,Green,123.84,0.0,123.84,2024-03-25,31,3.1,False,,
FB000916,Bottoms,Mango,Fall,S,Pink,122.01,59.9,48.93,2025-11-13,15,3.3,False,,
FB000917,Bottoms,Gap,Summer,XXL,Purple,103.33,0.0,103.33,2025-10-06,37,2.8,False,,
FB000918,Bottoms,Banana Republic,Fall,L,Green,62.86,0.0,62.86,2025-03-12,9,3.4,True,Quality Issue,2025-03-15
FB000919,Accessories,Forever21,Winter,XL,Pink,60.51,44.4,33.64,2025-05-05,27,2.7,True,Changed Mind,2025-05-07
FB000920,Shoes,Banana Republic,Spring,M,Pink,190.88,24.9,143.35,2024-07-05,3,3.5,True,Size Issue,2024-07-27
FB000921,Dresses,Ann Taylor,Fall,M,Gray,97.63,11.5,86.4,2025-05-18,16,3.4,False,,
FB000922,Shoes,Banana Republic,Summer,XXL,Green,149.27,22.6,115.53,2025-01-05,23,2.8,False,,
FB000923,Outerwear,Ann Taylor,Fall,XXL,Pink,115.71,18.3,94.54,2025-10-06,8,4.6,False,,
FB000924,Accessories,Zara,Fall,S,Gray,75.16,0.0,75.16,2025-09-25,34,3.4,False,,
FB000925,Dresses,Gap,Fall,XL,Red,57.45,0.0,57.45,2025-12-29,35,4.7,False,,
FB000926,Outerwear,Ann Taylor,Spring,L,Beige,201.95,41.4,118.34,2025-06-20,26,3.4,False,,
FB000927,Outerwear,Zara,Fall,XL,Pink,198.44,0.0,198.44,2025-08-02,2,4.5,True,Damaged,2025-08-09
FB000928,Dresses,Forever21,Winter,XXL,Purple,197.94,43.3,112.23,2025-06-05,48,4.4,True,Changed Mind,2025-06-18
FB000929,Outerwear,Uniqlo,Fall,S,Green,107.2,0.0,107.2,2024-01-10,44,4.6,False,,
FB000930,Outerwear,Gap,Spring,M,White,130.38,0.0,130.38,2024-06-24,7,4.2,False,,
FB000931,Outerwear,H&M,Spring,XS,Beige,105.18,58.5,43.65,2024-02-22,17,3.6,False,,
FB000932,Bottoms,H&M,Summer,XS,Beige,71.7,10.5,64.17,2025-12-23,5,4.3,False,,
FB000933,Shoes,Mango,Winter,XL,Pink,91.94,0.0,91.94,2024-12-30,0,4.5,True,Changed Mind,2025-01-05
FB000934,Shoes,Zara,Summer,XXL,Blue,191.31,0.0,191.31,2025-10-11,40,3.7,False,,
FB000935,Bottoms,Gap,Fall,M,Pink,54.47,17.9,44.72,2024-06-08,25,3.8,False,,
FB000936,Dresses,Forever21,Spring,S,Gray,65.93,0.0,65.93,2024-06-29,11,3.1,True,Wrong Item,2024-07-23
FB000937,Bottoms,Uniqlo,Summer,M,Red,136.23,33.7,90.32,2024-03-12,12,4.5,True,Wrong Item,2024-03-20
FB000938,Tops,Forever21,Summer,XXL,Purple,33.73,20.2,26.92,2025-01-21,6,2.3,True,Quality Issue,2025-01-22
FB000939,Dresses,Zara,Fall,S,Black,95.5,52.0,45.84,2024-01-10,50,3.7,False,,
FB000940,Accessories,Ann Taylor,Summer,S,Red,46.23,11.7,40.82,2024-11-10,10,3.2,False,,
FB000941,Bottoms,H&M,Summer,XL,Pink,105.3,0.0,105.3,2024-04-15,2,4.0,False,,
FB000942,Accessories,Forever21,Fall,XS,White,16.56,7.2,15.37,2024-10-20,41,3.6,False,,
FB000943,Dresses,Forever21,Summer,L,Red,218.43,0.0,218.43,2024-12-31,18,3.3,True,Changed Mind,2025-01-04
FB000944,Shoes,Banana Republic,Summer,XL,Red,68.49,14.0,58.9,2025-03-11,43,3.7,True,Damaged,2025-04-02
FB000945,Shoes,Uniqlo,Spring,XS,Pink,186.6,38.7,114.39,2024-03-19,45,3.6,False,,
FB000946,Bottoms,Mango,Spring,S,Blue,83.6,39.5,50.58,2024-04-25,4,4.3,False,,
FB000947,Dresses,Uniqlo,Fall,XS,Navy,219.11,0.0,219.11,2024-12-27,24,4.1,False,,
FB000948,Tops,Gap,Winter,XL,Beige,53.35,33.1,35.69,2025-01-27,15,4.6,False,,
FB000949,Tops,Gap,Fall,L,Black,78.1,13.7,67.4,2024-08-12,44,3.5,False,,
FB000950,Bottoms,Ann Taylor,Summer,S,Green,73.49,7.0,68.35,2024-03-02,7,3.9,False,,
FB000951,Shoes,Mango,Spring,L,Red,173.64,19.0,140.65,2024-09-05,26,4.1,False,,
FB000952,Bottoms,Zara,Fall,XS,Red,75.3,0.0,75.3,2025-01-15,27,3.2,True,Size Issue,2025-02-03
FB000953,Accessories,Gap,Fall,XS,Red,38.74,0.0,38.74,2024-01-13,4,4.7,False,,
FB000954,Tops,Mango,Fall,L,Red,94.81,26.0,70.16,2024-12-11,26,4.0,False,,
FB000955,Dresses,Zara,Spring,XS,Red,60.2,14.1,51.71,2025-05-30,11,4.4,True,Size Issue,2025-06-13
FB000956,Dresses,Gap,Spring,XL,Purple,102.03,0.0,102.03,2024-10-05,10,3.9,False,,
FB000957,Outerwear,Forever21,Fall,XXL,White,148.07,0.0,148.07,2024-07-07,25,2.2,False,,
FB000958,Outerwear,Banana Republic,Winter,L,Navy,190.96,10.7,170.53,2025-01-15,3,4.6,False,,
FB000959,Bottoms,Uniqlo,Summer,XS,Black,73.52,26.7,53.89,2024-10-15,15,3.5,True,Size Issue,2024-10-22
FB000960,Outerwear,Zara,Spring,S,Purple,114.29,44.8,63.09,2025-08-06,5,4.7,False,,
FB000961,Outerwear,Gap,Summer,XS,Navy,95.85,0.0,95.85,2024-10-16,22,3.9,False,,
FB000962,Outerwear,H&M,Spring,L,Navy,245.55,21.9,191.77,2025-05-30,26,4.5,True,Quality Issue,2025-05-31
FB000963,Outerwear,Forever21,Winter,XL,Green,129.32,0.0,129.32,2024-03-21,29,4.9,False,,
FB000964,Accessories,H&M,Fall,XXL,Beige,24.16,39.9,14.52,2025-06-12,32,3.6,False,,
FB000965,Outerwear,Ann Taylor,Winter,S,Navy,129.44,19.1,104.72,2025-12-30,2,3.9,False,,
FB000966,Tops,H&M,Fall,XL,Brown,27.5,0.0,27.5,2025-05-24,40,4.1,True,Size Issue,2025-05-29
FB000967,Shoes,Banana Republic,Winter,XS,Gray,90.19,43.2,51.23,2025-08-13,17,4.0,True,Size Issue,2025-08-19
FB000968,Dresses,Gap,Spring,L,Pink,179.73,18.9,145.76,2025-08-05,7,3.0,False,,
FB000969,Shoes,Uniqlo,Winter,L,Brown,186.74,0.0,186.74,2025-06-08,23,4.1,False,,
FB000970,Shoes,Ann Taylor,Summer,XXL,Blue,120.95,0.0,120.95,2024-02-13,43,3.9,False,,
FB000971,Dresses,Zara,Fall,XXL,Purple,51.35,45.8,27.83,2025-08-06,10,4.1,True,Size Issue,2025-08-19
FB000972,Tops,Banana Republic,Spring,L,Gray,84.25,49.3,42.71,2024-07-03,5,4.6,False,,
FB000973,Tops,Forever21,Fall,L,Navy,26.45,0.0,26.45,2025-05-12,38,3.8,False,,
FB000974,Dresses,Gap,Summer,M,Gray,56.51,0.0,56.51,2024-05-29,30,3.3,False,,
FB000975,Shoes,Zara,Winter,XS,Navy,166.33,44.3,92.65,2024-01-24,13,4.9,False,,
FB000976,Dresses,Forever21,Spring,M,Beige,79.94,0.0,79.94,2025-02-18,17,2.5,True,Damaged,2025-03-05
FB000977,Tops,H&M,Spring,S,Green,29.24,46.8,15.56,2024-10-31,48,4.4,True,Changed Mind,2024-11-14
FB000978,Tops,Gap,Fall,XXL,Blue,55.47,27.8,40.05,2025-07-28,0,3.9,False,,
FB000979,Outerwear,H&M,Summer,XXL,Beige,178.34,0.0,178.34,2024-11-20,42,4.6,True,Color Mismatch,2024-12-20
FB000980,Bottoms,Gap,Spring,XS,Beige,78.77,5.1,74.75,2024-05-08,28,4.5,False,,
FB000981,Dresses,Banana Republic,Summer,S,White,121.43,7.5,112.32,2024-08-09,24,3.2,True,Quality Issue,2024-08-31
FB000982,Outerwear,Zara,Spring,M,Green,131.33,0.0,131.33,2025-12-17,7,4.2,False,,
FB000983,Tops,Forever21,Winter,M,Navy,102.82,19.6,82.67,2024-04-26,21,3.5,False,,
FB000984,Tops,Forever21,Spring,S,Purple,79.49,10.7,70.98,2025-12-06,42,2.7,False,,
FB000985,Dresses,Uniqlo,Summer,XS,Black,65.24,0.0,65.24,2024-04-16,26,3.1,False,,
FB000986,Outerwear,Banana Republic,Winter,XL,Brown,217.0,37.0,136.71,2024-08-16,13,4.1,False,,
FB000987,Outerwear,Forever21,Summer,S,Gray,241.59,16.9,200.76,2025-02-26,29,4.4,False,,
FB000988,Dresses,Forever21,Summer,M,White,136.29,0.0,136.29,2024-09-27,42,4.2,False,,
FB000989,Tops,H&M,Summer,L,Green,21.55,0.0,21.55,2025-06-15,23,3.4,False,,
FB000990,Outerwear,Ann Taylor,Spring,S,Brown,248.78,0.0,248.78,2024-07-16,25,3.0,False,,
FB000991,Tops,Zara,Winter,S,Beige,59.04,28.1,42.45,2025-06-13,20,3.2,True,Quality Issue,2025-06-17
FB000992,Dresses,Mango,Summer,XXL,Brown,183.33,32.5,123.75,2025-07-20,16,4.3,True,Size Issue,2025-07-23
FB000993,Accessories,Zara,Winter,XS,Beige,65.05,0.0,65.05,2025-12-25,39,4.8,False,,
FB000994,Accessories,Forever21,Summer,XXL,Red,78.92,16.7,65.74,2024-09-02,11,4.6,False,,
FB000995,Bottoms,Uniqlo,Fall,XL,White,117.16,27.6,84.82,2025-11-06,16,4.5,True,Size Issue,2025-12-06
FB000996,Bottoms,Zara,Summer,XS,Gray,141.26,0.0,141.26,2024-10-16,9,4.0,True,Size Issue,2024-10-19
FB000997,Tops,Ann Taylor,Fall,L,Black,69.1,0.0,69.1,2025-05-13,4,4.9,False,,
FB000998,Accessories,H&M,Winter,L,Navy,56.18,7.4,52.02,2024-01-11,19,2.8,False,,
FB000999,Dresses,Zara,Summer,M,Navy,132.26,13.2,114.8,2025-06-18,10,4.2,False,,
FB001000,Accessories,H&M,Summer,XL,Green,48.67,24.3,36.84,2024-04-27,23,4.5,False,,
FB001001,Accessories,Ann Taylor,Fall,S,Black,62.3,45.4,34.02,2024-07-23,30,2.9,False,,
FB001002,Shoes,Uniqlo,Winter,XXL,Gray,109.77,58.4,45.66,2024-06-26,16,3.9,True,Color Mismatch,2024-07-19
FB001003,Shoes,Forever21,Summer,XL,Brown,89.85,39.1,54.72,2025-03-19,31,3.8,False,,
FB001004,Tops,Uniqlo,Spring,XL,Black,80.73,13.5,69.83,2025-10-09,23,3.7,False,,
FB001005,Tops,Mango,Summer,XL,Pink,78.69,0.0,78.69,2025-06-27,41,3.1,False,,
FB001006,Accessories,Banana Republic,Fall,M,Blue,66.41,6.1,62.36,2025-01-15,42,4.7,False,,
FB001007,Shoes,Banana Republic,Summer,M,Green,154.69,0.0,154.69,2024-11-25,36,3.7,False,,
FB001008,Outerwear,Banana Republic,Winter,M,Brown,116.07,0.0,116.07,2024-10-11,35,3.4,False,,
FB001009,Dresses,Banana Republic,Winter,XXL,Blue,104.02,0.0,104.02,2024-02-20,12,3.6,False,,
FB001010,Tops,Zara,Spring,L,Black,32.41,0.0,32.41,2025-08-28,20,3.9,False,,
FB001011,Outerwear,Zara,Spring,XS,Beige,213.16,5.1,202.29,2024-10-18,29,4.4,True,Color Mismatch,2024-10-20
FB001012,Outerwear,Zara,Spring,XXL,Green,91.81,0.0,91.81,2024-11-04,26,4.4,True,Changed Mind,2024-11-17
FB001013,Accessories,Ann Taylor,Winter,XL,Green,40.57,29.1,28.76,2024-05-04,41,4.5,False,,
FB001014,Outerwear,Banana Republic,Summer,S,Green,220.33,0.0,220.33,2025-12-05,20,4.9,False,,
FB001015,Bottoms,Mango,Summer,S,Navy,127.94,5.1,121.42,2024-02-23,44,4.3,False,,
FB001016,Accessories,Banana Republic,Summer,M,Black,32.14,35.8,20.63,2024-10-03,24,4.8,False,,
FB001017,Bottoms,Gap,Summer,S,Navy,133.43,37.8,82.99,2025-10-14,26,3.7,False,,
FB001018,Accessories,H&M,Winter,XXL,Gray,78.46,0.0,78.46,2025-05-09,46,3.8,True,Size Issue,2025-05-19
FB001019,Dresses,Banana Republic,Spring,XL,White,162.11,24.1,123.04,2024-03-17,4,3.9,False,,
FB001020,Accessories,H&M,Summer,XXL,White,45.43,12.3,39.84,2024-08-01,21,4.3,False,,
FB001021,Outerwear,Ann Taylor,Spring,XXL,Gray,191.4,22.1,149.1,2024-08-12,8,3.3,False,,
FB001022,Tops,Gap,Fall,L,White,26.86,15.3,22.75,2025-10-25,36,4.4,False,,
FB001023,Tops,Banana Republic,Summer,S,Green,109.41,0.0,109.41,2025-05-02,1,3.7,False,,
FB001024,Tops,Ann Taylor,Spring,XS,Purple,28.41,7.3,26.34,2025-03-17,32,3.8,False,,
FB001025,Accessories,Gap,Spring,M,Black,18.19,18.9,14.75,2024-10-28,12,3.5,False,,
FB001026,Bottoms,Uniqlo,Winter,XL,Blue,43.1,0.0,43.1,2024-04-23,15,3.5,False,,
FB001027,Accessories,Zara,Spring,S,Black,49.59,0.0,49.59,2025-12-17,39,3.7,False,,
FB001028,Tops,Forever21,Summer,S,Pink,69.52,0.0,69.52,2024-12-21,13,4.1,False,,
FB001029,Dresses,Uniqlo,Summer,XS,Red,135.55,29.5,95.56,2025-12-05,19,2.4,True,Quality Issue,2025-12-08
FB001030,Bottoms,Mango,Spring,L,Red,145.47,28.6,103.87,2024-06-30,1,3.9,False,,
FB001031,Accessories,Mango,Summer,XL,Navy,78.02,12.3,68.42,2025-04-28,15,4.5,False,,
FB001032,Accessories,Uniqlo,Fall,XL,Purple,25.87,0.0,25.87,2024-04-12,6,3.5,False,,
FB001033,Dresses,Ann Taylor,Winter,L,Navy,218.26,0.0,218.26,2024-09-16,31,4.6,False,,
FB001034,Accessories,Ann Taylor,Spring,XXL,Navy,72.94,37.1,45.88,2025-05-10,38,4.3,True,Changed Mind,2025-06-03
FB001035,Dresses,Zara,Fall,L,White,162.09,0.0,162.09,2024-02-01,31,4.6,False,,
FB001036,Dresses,Forever21,Spring,S,Black,82.95,52.8,39.15,2025-10-03,17,3.3,False,,
FB001037,Tops,Mango,Spring,XXL,Navy,108.8,11.3,96.51,2024-11-12,17,4.0,False,,
FB001038,Outerwear,Ann Taylor,Summer,L,Gray,176.33,26.9,128.9,2024-01-09,7,2.7,False,,
FB001039,Dresses,Mango,Winter,XXL,Red,138.94,0.0,138.94,2025-11-11,35,3.5,True,Size Issue,2025-11-14
FB001040,Shoes,Zara,Winter,XS,White,85.28,5.8,80.33,2024-01-06,19,4.5,False,,
FB001041,Dresses,Zara,Summer,M,Red,109.54,0.0,109.54,2025-11-12,32,2.8,False,,
FB001042,Outerwear,Mango,Summer,XXL,Pink,104.25,28.6,74.43,2024-10-24,5,4.1,True,Size Issue,2024-11-05
FB001043,Bottoms,Forever21,Winter,L,Black,137.16,51.9,65.97,2025-07-31,11,3.0,True,Color Mismatch,2025-08-26
FB001044,Outerwear,Mango,Fall,M,Red,150.77,0.0,150.77,2024-03-28,19,2.7,True,Damaged,2024-04-12
FB001045,Outerwear,Mango,Winter,L,Black,103.56,9.7,93.51,2025-12-30,43,4.4,False,,
FB001046,Shoes,Forever21,Winter,L,Blue,113.81,40.5,67.72,2025-03-07,49,4.1,True,Changed Mind,2025-04-06
FB001047,Shoes,H&M,Spring,S,Brown,126.92,9.4,114.99,2025-02-06,48,2.7,True,Damaged,2025-02-07
FB001048,Tops,Gap,Summer,XS,Green,47.02,42.1,27.22,2024-04-09,38,2.9,False,,
FB001049,Outerwear,Gap,Spring,XS,Black,205.88,34.8,134.23,2025-12-19,3,4.1,True,Size Issue,2026-01-12
FB001050,Tops,Mango,Fall,XXL,Beige,105.23,0.0,105.23,2024-01-07,19,4.4,False,,
FB001051,Outerwear,H&M,Summer,XS,Green,106.01,50.4,52.58,2024-07-28,15,3.2,True,Size Issue,2024-08-14
FB001052,Tops,Forever21,Summer,XS,Pink,60.46,56.4,26.36,2024-09-23,34,4.3,False,,
FB001053,Dresses,Gap,Summer,L,Red,158.15,0.0,158.15,2025-11-04,47,4.1,False,,
FB001054,Outerwear,H&M,Winter,L,Pink,129.21,0.0,129.21,2025-05-19,37,3.8,False,,
FB001055,Shoes,Forever21,Winter,XXL,Black,114.23,23.0,87.96,2025-04-13,18,4.5,True,Size Issue,2025-05-02
FB001056,Shoes,Zara,Winter,XS,Navy,194.05,15.8,163.39,2024-01-10,17,3.2,False,,
FB001057,Shoes,H&M,Spring,XXL,Purple,102.5,0.0,102.5,2024-06-04,41,3.7,False,,
FB001058,Dresses,Ann Taylor,Winter,XXL,Red,97.32,26.1,71.92,2024-03-10,25,3.5,False,,
FB001059,Dresses,Gap,Winter,L,Brown,162.03,18.9,131.41,2025-11-05,49,3.9,False,,
FB001060,Bottoms,Ann Taylor,Spring,XL,Brown,129.59,0.0,129.59,2024-06-11,1,3.6,False,,
FB001061,Dresses,Banana Republic,Winter,XXL,Gray,105.02,0.0,105.02,2024-08-30,49,2.9,True,Color Mismatch,2024-09-23
FB001062,Tops,Forever21,Summer,XS,Brown,45.05,0.0,45.05,2024-03-15,47,4.1,False,,
FB001063,Shoes,Zara,Fall,M,Black,151.8,19.8,121.74,2025-07-23,36,4.8,False,,
FB001064,Shoes,Gap,Winter,XXL,Pink,76.08,28.7,54.25,2024-07-15,33,4.1,True,Size Issue,2024-08-06
FB001065,Accessories,H&M,Summer,S,Green,38.37,13.2,33.31,2024-12-14,4,4.2,False,,
FB001066,Dresses,Gap,Fall,S,Brown,190.69,10.3,171.05,2024-05-21,35,4.0,False,,
FB001067,Tops,Forever21,Winter,XS,Brown,27.81,26.0,20.58,2025-05-25,7,4.7,True,Changed Mind,2025-06-05
FB001068,Accessories,H&M,Spring,M,Blue,60.71,0.0,60.71,2024-10-21,10,4.7,False,,
FB001069,Outerwear,H&M,Spring,L,Brown,89.63,22.2,69.73,2024-09-26,30,3.9,False,,
FB001070,Accessories,Ann Taylor,Winter,M,White,36.75,22.8,28.37,2024-12-03,35,3.8,False,,
FB001071,Dresses,Zara,Fall,L,Black,186.96,14.2,160.41,2024-02-06,48,4.1,False,,
FB001072,Accessories,Forever21,Summer,XL,Gray,76.53,0.0,76.53,2024-04-16,2,3.1,True,Color Mismatch,2024-04-24
FB001073,Dresses,Ann Taylor,Winter,L,Pink,182.86,44.6,101.3,2024-01-27,3,3.2,False,,
FB001074,Bottoms,Forever21,Summer,XL,Gray,36.26,33.9,23.97,2025-12-19,27,4.5,False,,
FB001075,Bottoms,Banana Republic,Winter,XS,Brown,147.9,7.9,136.22,2024-02-29,27,4.1,False,,
FB001076,Accessories,Zara,Fall,L,Purple,51.92,40.3,31.0,2024-09-12,46,3.4,False,,
FB001077,Accessories,Zara,Fall,L,Red,33.37,0.0,33.37,2025-11-01,38,3.8,False,,
FB001078,Shoes,Mango,Winter,L,Beige,59.58,0.0,59.58,2025-07-10,16,2.9,True,Damaged,2025-08-03
FB001079,Shoes,H&M,Winter,XXL,Pink,190.63,25.9,141.26,2024-09-07,41,3.9,False,,
FB001080,Shoes,Ann Taylor,Summer,XS,Navy,184.07,32.4,124.43,2024-03-21,17,3.2,True,Size Issue,2024-04-07
FB001081,Bottoms,Uniqlo,Fall,XS,Navy,116.99,20.7,92.77,2025-12-16,15,4.0,False,,
FB001082,Tops,Banana Republic,Summer,L,Green,47.03,9.5,42.56,2024-03-02,5,3.8,False,,
FB001083,Outerwear,Forever21,Winter,XS,Blue,145.39,0.0,145.39,2025-01-23,13,4.5,True,Size Issue,2025-01-25
FB001084,Dresses,Uniqlo,Summer,XL,Navy,209.33,55.1,93.99,2024-09-25,21,4.5,False,,
FB001085,Outerwear,H&M,Summer,M,Brown,153.79,15.9,129.34,2024-02-28,47,4.6,False,,
FB001086,Outerwear,Forever21,Spring,XL,Gray,152.05,35.4,98.22,2024-06-15,16,3.6,False,,
FB001087,Tops,H&M,Fall,XS,Pink,99.96,41.7,58.28,2025-07-09,15,4.3,True,Size Issue,2025-07-11
FB001088,Outerwear,Uniqlo,Spring,M,Beige,122.59,35.4,79.19,2024-05-07,0,4.1,False,,
FB001089,Dresses,Ann Taylor,Spring,S,Gray,128.66,12.0,113.22,2025-05-06,22,4.0,False,,
FB001090,Outerwear,H&M,Winter,XS,Brown,239.6,0.0,239.6,2025-07-18,39,3.3,True,Size Issue,2025-07-24
FB001091,Shoes,Uniqlo,Spring,L,Red,76.39,0.0,76.39,2025-11-02,39,3.7,True,Size Issue,2025-11-23
FB001092,Accessories,Mango,Winter,XL,Navy,17.73,21.2,13.97,2024-09-22,45,4.3,False,,
FB001093,Accessories,Ann Taylor,Summer,XL,White,37.73,0.0,37.73,2024-04-25,28,4.9,False,,
FB001094,Bottoms,H&M,Spring,XL,Navy,129.5,21.4,101.79,2024-10-16,27,3.9,True,Changed Mind,2024-11-05
FB001095,Shoes,Ann Taylor,Winter,XXL,Navy,115.31,52.4,54.89,2025-01-12,10,4.5,True,Color Mismatch,2025-02-11
FB001096,Outerwear,Zara,Summer,XL,White,217.37,16.7,181.07,2025-08-18,32,4.1,False,,
FB001097,Bottoms,Forever21,Summer,XXL,Red,75.73,41.6,44.23,2024-08-17,4,4.2,False,,
FB001098,Outerwear,Forever21,Summer,XL,Green,183.21,30.4,127.51,2024-10-02,20,3.5,True,Color Mismatch,2024-10-12
FB001099,Bottoms,Ann Taylor,Fall,M,White,84.7,22.3,65.81,2025-03-31,15,3.5,False,,
FB001100,Tops,Ann Taylor,Summer,M,Purple,70.56,53.1,33.09,2024-08-23,38,3.9,False,,
FB001101,Tops,H&M,Fall,XL,White,97.64,13.8,84.17,2025-09-12,8,4.0,False,,
FB001102,Shoes,Ann Taylor,Spring,XS,Black,105.36,7.2,97.77,2025-10-09,31,3.3,False,,
FB001103,Bottoms,Mango,Winter,XS,Red,44.49,0.0,44.49,2025-12-29,35,3.5,False,,
FB001104,Dresses,Banana Republic,Fall,XS,Blue,54.07,0.0,54.07,2024-05-15,4,4.9,False,,
FB001105,Outerwear,Forever21,Winter,M,Red,148.39,15.7,125.09,2024-12-10,7,4.7,False,,
FB001106,Shoes,Banana Republic,Summer,XS,Navy,191.99,52.6,91.0,2025-03-22,47,2.4,True,Quality Issue,2025-03-27
FB001107,Dresses,Mango,Summer,S,Green,150.9,14.7,128.72,2024-11-24,24,2.9,False,,
FB001108,Outerwear,Uniqlo,Summer,S,Pink,163.86,0.0,163.86,2025-06-21,33,3.1,False,,
FB001109,Tops,Uniqlo,Spring,L,Navy,95.73,40.8,56.67,2024-08-03,47,4.2,False,,
FB001110,Shoes,Ann Taylor,Summer,M,Pink,66.49,0.0,66.49,2025-03-25,31,3.7,False,,
FB001111,Bottoms,Uniqlo,Spring,XL,Black,140.94,22.8,108.81,2025-07-19,13,2.9,False,,
FB001112,Bottoms,Zara,Summer,XL,Purple,125.88,0.0,125.88,2025-01-13,1,3.3,True,Color Mismatch,2025-01-27
FB001113,Dresses,Gap,Fall,L,Pink,206.06,38.4,126.93,2025-03-31,7,3.4,False,,
FB001114,Tops,Uniqlo,Summer,S,Pink,93.16,0.0,93.16,2024-03-21,22,4.3,False,,
FB001115,Bottoms,Banana Republic,Spring,S,Purple,70.24,16.0,59.0,2024-03-16,43,3.8,False,,
FB001116,Shoes,Zara,Winter,XS,Purple,90.8,33.2,60.65,2024-02-06,40,2.5,False,,
FB001117,Dresses,Zara,Fall,S,Brown,113.96,53.5,52.99,2025-04-26,16,3.8,True,Color Mismatch,2025-05-20
FB001118,Tops,Uniqlo,Fall,S,Beige,107.59,57.1,46.16,2024-08-07,47,4.0,True,Changed Mind,2024-08-25
FB001119,Outerwear,H&M,Fall,XS,Blue,196.96,14.5,168.4,2025-10-15,15,5.0,True,Size Issue,2025-10-21
FB001120,Shoes,H&M,Spring,XXL,Gray,118.44,14.0,101.86,2025-05-07,34,4.2,True,Size Issue,2025-06-05
FB001121,Shoes,Forever21,Winter,M,White,145.99,0.0,145.99,2024-11-22,29,3.6,False,,
FB001122,Shoes,Forever21,Fall,L,Gray,136.17,20.6,108.12,2025-06-03,17,4.4,True,Wrong Item,2025-06-05
FB001123,Outerwear,Ann Taylor,Spring,XXL,Navy,149.91,28.5,107.19,2024-02-25,16,3.7,True,Changed Mind,2024-03-07
FB001124,Dresses,Zara,Spring,L,Blue,87.62,50.7,43.2,2025-10-02,49,4.0,True,Color Mismatch,2025-10-22
FB001125,Shoes,Mango,Summer,XXL,Green,168.39,0.0,168.39,2024-12-07,45,4.2,False,,
FB001126,Outerwear,Banana Republic,Summer,XL,White,141.56,0.0,141.56,2025-07-02,10,4.0,False,,
FB001127,Dresses,H&M,Spring,S,Navy,106.36,0.0,106.36,2024-09-11,46,4.0,False,,
FB001128,Accessories,Zara,Summer,XL,Blue,66.44,0.0,66.44,2024-11-04,18,2.7,True,Damaged,2024-11-29
FB001129,Dresses,H&M,Summer,M,Black,188.21,11.0,167.51,2024-10-03,47,3.3,False,,
FB001130,Accessories,Banana Republic,Winter,XS,Green,63.27,18.8,51.38,2025-08-25,6,4.1,False,,
FB001131,Bottoms,Uniqlo,Spring,L,Purple,119.22,0.0,119.22,2024-07-26,29,2.8,True,Damaged,2024-08-14
FB001132,Tops,Forever21,Spring,L,Black,42.23,9.2,38.34,2025-12-20,18,2.2,False,,
FB001133,Bottoms,Forever21,Summer,L,Blue,144.17,34.3,94.72,2024-08-17,28,3.3,False,,
FB001134,Accessories,Forever21,Fall,L,Navy,45.99,0.0,45.99,2024-12-06,19,4.6,False,,
FB001135,Dresses,Banana Republic,Summer,XL,Red,85.31,51.9,41.03,2024-05-24,5,3.8,False,,
FB001136,Tops,H&M,Summer,L,Pink,61.19,36.7,38.73,2024-11-25,2,3.1,False,,
FB001137,Outerwear,Forever21,Summer,M,White,208.36,30.9,143.98,2025-10-29,20,4.6,True,Wrong Item,2025-11-21
FB001138,Tops,Banana Republic,Summer,L,Black,57.57,23.2,44.21,2024-05-04,47,2.7,True,Wrong Item,2024-06-01
FB001139,Accessories,Zara,Winter,L,Red,55.7,7.1,51.75,2025-03-04,35,4.4,False,,
FB001140,Shoes,Banana Republic,Winter,M,Beige,83.38,0.0,83.38,2025-07-31,23,3.8,False,,
FB001141,Bottoms,Uniqlo,Fall,XL,Navy,92.33,0.0,92.33,2024-08-03,29,2.6,False,,
FB001142,Dresses,Mango,Fall,XL,Gray,51.67,7.3,47.9,2024-01-06,4,4.0,False,,
FB001143,Bottoms,H&M,Summer,XL,Gray,69.72,0.0,69.72,2025-08-31,29,3.5,True,Changed Mind,2025-09-21
FB001144,Outerwear,H&M,Spring,XXL,Green,237.74,0.0,237.74,2025-08-21,27,3.7,False,,
FB001145,Shoes,Forever21,Spring,XL,Purple,142.66,0.0,142.66,2024-06-05,37,4.0,True,Quality Issue,2024-06-14
FB001146,Bottoms,Uniqlo,Summer,S,Purple,100.48,26.6,73.75,2025-08-29,49,3.9,False,,
FB001147,Dresses,Gap,Fall,S,Green,183.17,41.8,106.6,2024-05-30,39,4.3,True,Changed Mind,2024-05-31
FB001148,Shoes,Banana Republic,Summer,S,Purple,169.16,12.1,148.69,2025-05-27,19,3.7,False,,
FB001149,Bottoms,Forever21,Winter,L,Gray,72.6,26.3,53.51,2025-09-11,5,4.8,False,,
FB001150,Bottoms,Uniqlo,Fall,L,Purple,83.0,25.0,62.25,2025-07-25,7,3.6,False,,
FB001151,Dresses,Ann Taylor,Fall,XS,Navy,195.41,26.9,142.84,2024-08-06,27,4.4,False,,
FB001152,Bottoms,Forever21,Spring,S,Green,53.5,7.9,49.27,2024-11-13,37,4.4,False,,
FB001153,Shoes,Uniqlo,Summer,XL,Pink,45.36,0.0,45.36,2025-02-11,30,3.7,True,Damaged,2025-03-06
FB001154,Shoes,Uniqlo,Summer,XL,Green,178.11,59.9,71.42,2025-04-10,40,3.3,True,Changed Mind,2025-05-08
FB001155,Dresses,Banana Republic,Summer,M,Green,154.2,34.1,101.62,2024-05-14,11,4.5,True,Size Issue,2024-05-16
FB001156,Tops,Zara,Spring,XS,Purple,47.75,53.1,22.39,2024-01-18,47,4.4,True,Changed Mind,2024-02-16
FB001157,Shoes,Mango,Spring,XL,Green,190.49,17.6,156.96,2024-03-03,42,3.8,True,Color Mismatch,2024-03-08
FB001158,Dresses,Uniqlo,Summer,S,Gray,57.57,15.3,48.76,2024-06-26,26,3.6,False,,
FB001159,Accessories,Uniqlo,Spring,XL,Navy,22.65,17.5,18.69,2025-08-02,5,4.1,False,,
FB001160,Accessories,Banana Republic,Summer,S,Black,27.07,19.5,21.79,2024-06-22,49,4.3,False,,
FB001161,Bottoms,Ann Taylor,Winter,XS,White,66.93,38.9,40.89,2024-05-15,12,3.7,False,,
FB001162,Tops,Uniqlo,Fall,M,Red,76.5,17.5,63.11,2024-07-23,17,4.3,False,,
FB001163,Shoes,Uniqlo,Winter,M,Black,118.38,10.2,106.31,2025-06-19,41,4.0,False,,
FB001164,Dresses,Mango,Summer,XL,Blue,76.47,19.9,61.25,2024-12-21,27,4.6,False,,
FB001165,Dresses,Uniqlo,Fall,M,Purple,143.77,25.4,107.25,2024-08-03,32,4.3,False,,
FB001166,Tops,Uniqlo,Summer,XS,Purple,85.83,0.0,85.83,2025-04-23,8,5.0,False,,
FB001167,Shoes,Forever21,Summer,M,Black,140.72,40.2,84.15,2025-05-01,26,4.2,True,Size Issue,2025-05-05
FB001168,Bottoms,Ann Taylor,Spring,S,Gray,95.61,28.8,68.07,2025-04-12,39,4.9,False,,
FB001169,Dresses,Forever21,Winter,L,White,92.94,10.1,83.55,2025-02-14,43,3.6,False,,
FB001170,Bottoms,Banana Republic,Winter,L,Pink,144.48,5.4,136.68,2024-06-19,32,4.6,False,,
FB001171,Outerwear,H&M,Fall,S,Beige,136.64,59.4,55.48,2024-05-24,19,4.8,False,,
FB001172,Tops,Forever21,Fall,L,Green,85.86,0.0,85.86,2024-11-04,11,3.2,False,,
FB001173,Bottoms,H&M,Fall,L,Black,116.9,0.0,116.9,2025-01-18,35,4.3,True,Quality Issue,2025-01-30
FB001174,Accessories,Gap,Winter,XXL,White,74.33,36.6,47.13,2024-09-05,45,2.3,False,,
FB001175,Accessories,Forever21,Fall,M,Red,40.99,0.0,40.99,2025-11-21,18,4.1,False,,
FB001176,Tops,Forever21,Summer,M,Gray,86.99,40.5,51.76,2024-07-01,38,4.4,False,,
FB001177,Shoes,Ann Taylor,Spring,XL,Green,137.69,38.3,84.95,2024-08-23,41,3.2,True,Quality Issue,2024-08-25
FB001178,Bottoms,Uniqlo,Winter,XS,Navy,76.09,0.0,76.09,2024-10-18,9,3.4,True,Changed Mind,2024-11-03
FB001179,Accessories,Uniqlo,Winter,S,Red,40.88,6.6,38.18,2024-12-20,5,3.9,False,,
FB001180,Accessories,Forever21,Summer,S,Navy,23.37,15.3,19.79,2025-05-12,0,4.3,False,,
FB001181,Dresses,Forever21,Winter,XS,Pink,122.25,22.3,94.99,2025-05-29,28,3.1,True,Size Issue,2025-06-09
FB001182,Outerwear,Ann Taylor,Summer,S,Blue,170.39,15.1,144.66,2024-01-08,9,3.6,False,,
FB001183,Dresses,Uniqlo,Fall,XL,Brown,173.7,5.7,163.8,2024-02-10,18,3.0,True,Wrong Item,2024-02-25
FB001184,Shoes,Zara,Spring,M,Blue,93.99,0.0,93.99,2025-07-09,1,4.8,False,,
FB001185,Shoes,Ann Taylor,Winter,XS,Gray,91.94,13.9,79.16,2024-02-07,22,4.0,False,,
FB001186,Tops,H&M,Fall,XS,Purple,29.46,32.7,19.83,2024-10-08,27,3.4,True,Size Issue,2024-10-28
FB001187,Bottoms,Gap,Summer,XS,Navy,74.74,0.0,74.74,2025-10-15,46,4.4,False,,
FB001188,Accessories,Forever21,Summer,M,Beige,63.7,5.3,60.32,2024-09-20,47,3.7,False,,
FB001189,Dresses,Banana Republic,Winter,XS,White,147.05,52.3,70.14,2024-09-06,34,4.6,False,,
FB001190,Accessories,Ann Taylor,Winter,S,Blue,32.86,23.7,25.07,2025-11-18,32,3.1,True,Wrong Item,2025-12-18
FB001191,Bottoms,Uniqlo,Spring,XS,Blue,54.86,33.1,36.7,2024-09-30,17,4.0,False,,
FB001192,Dresses,Ann Taylor,Summer,S,White,53.07,0.0,53.07,2025-09-18,4,4.3,False,,
FB001193,Dresses,Gap,Winter,XXL,Brown,105.89,18.9,85.88,2024-12-17,0,4.5,False,,
FB001194,Shoes,Gap,Fall,L,Gray,73.7,33.5,49.01,2025-02-16,16,4.2,True,Color Mismatch,2025-02-19
FB001195,Dresses,Gap,Spring,XS,White,177.16,9.6,160.15,2024-11-18,48,3.4,False,,
FB001196,Tops,Zara,Fall,XL,Brown,36.67,11.5,32.45,2024-01-24,48,4.2,False,,
FB001197,Shoes,Gap,Fall,L,Purple,61.07,17.7,50.26,2025-02-09,6,3.0,True,Size Issue,2025-02-28
FB001198,Shoes,Mango,Fall,XXL,Blue,128.01,8.3,117.39,2024-10-12,38,3.9,False,,
FB001199,Shoes,Banana Republic,Spring,XL,Purple,125.2,0.0,125.2,2025-05-21,25,3.9,False,,
FB001200,Shoes,Gap,Fall,S,Blue,86.15,10.0,77.54,2025-11-02,29,3.1,True,Size Issue,2025-11-15
FB001201,Outerwear,Forever21,Winter,L,White,188.19,7.1,174.83,2025-05-30,39,4.8,False,,
FB001202,Outerwear,Forever21,Summer,M,Brown,122.49,12.1,107.67,2025-01-14,5,2.7,True,Color Mismatch,2025-02-12
FB001203,Dresses,Forever21,Fall,S,Gray,112.74,43.5,63.7,2024-07-23,45,4.3,True,Changed Mind,2024-08-21
FB001204,Accessories,H&M,Winter,L,White,59.44,8.6,54.33,2025-04-17,11,4.7,False,,
FB001205,Accessories,Ann Taylor,Fall,S,Gray,61.93,0.0,61.93,2024-02-03,47,3.7,False,,
FB001206,Tops,Gap,Winter,XS,Blue,115.76,50.7,57.07,2025-09-13,45,3.9,False,,
FB001207,Outerwear,Zara,Winter,L,Green,129.8,17.3,107.34,2024-02-10,49,4.0,False,,
FB001208,Dresses,Gap,Winter,XS,Black,74.82,0.0,74.82,2024-04-24,37,4.5,False,,
FB001209,Shoes,Forever21,Spring,S,White,167.29,0.0,167.29,2024-12-03,6,4.8,False,,
FB001210,Accessories,Gap,Winter,S,Pink,37.26,26.6,27.35,2025-12-17,28,3.1,True,Changed Mind,2026-01-06
FB001211,Accessories,Mango,Fall,XL,Pink,16.69,51.3,8.13,2024-10-25,45,4.9,False,,
FB001212,Dresses,Mango,Spring,L,Gray,164.46,0.0,164.46,2024-05-11,44,4.4,True,Changed Mind,2024-06-08
FB001213,Tops,Uniqlo,Fall,XS,White,78.32,0.0,78.32,2024-09-22,0,4.3,False,,
FB001214,Outerwear,Forever21,Winter,XL,Red,245.31,13.8,211.46,2024-11-17,32,3.7,False,,
FB001215,Tops,Gap,Fall,XL,Gray,37.54,40.3,22.41,2024-12-16,4,4.0,True,Changed Mind,2024-12-21
FB001216,Shoes,Banana Republic,Fall,M,Gray,113.49,58.1,47.55,2025-06-20,47,4.3,False,,
FB001217,Dresses,H&M,Spring,XXL,Green,117.74,0.0,117.74,2025-06-03,21,2.8,True,Size Issue,2025-06-21
FB001218,Dresses,Banana Republic,Summer,L,Brown,138.9,0.0,138.9,2024-07-06,47,4.0,False,,
FB001219,Dresses,H&M,Fall,XXL,Gray,80.16,45.3,43.85,2024-04-03,17,4.3,False,,
FB001220,Dresses,Banana Republic,Fall,XL,Pink,60.35,0.0,60.35,2025-08-18,37,3.9,False,,
FB001221,Accessories,Zara,Spring,XXL,Black,27.77,0.0,27.77,2025-05-02,5,4.7,False,,
FB001222,Outerwear,H&M,Winter,M,Brown,81.63,18.6,66.45,2025-03-29,46,2.4,False,,
FB001223,Bottoms,Gap,Summer,M,Blue,102.16,7.6,94.4,2025-05-09,32,4.9,False,,
FB001224,Dresses,Uniqlo,Spring,XL,White,107.99,30.1,75.49,2025-03-26,40,3.8,True,Quality Issue,2025-04-11
FB001225,Accessories,Ann Taylor,Winter,L,Red,26.62,33.5,17.7,2025-03-29,6,4.5,False,,
FB001226,Dresses,Mango,Fall,XS,White,86.25,9.8,77.8,2025-04-28,33,4.7,True,Size Issue,2025-05-18
FB001227,Bottoms,Mango,Spring,S,White,121.97,37.0,76.84,2025-11-09,39,3.3,True,Color Mismatch,2025-11-25
FB001228,Dresses,Forever21,Spring,S,Pink,130.24,46.1,70.2,2024-11-09,9,3.5,True,Changed Mind,2024-12-03
FB001229,Shoes,Gap,Spring,L,Brown,102.97,16.4,86.08,2024-02-26,25,3.8,False,,
FB001230,Shoes,Mango,Winter,M,Green,170.97,0.0,170.97,2024-09-19,42,3.6,False,,
FB001231,Shoes,Zara,Spring,L,Blue,92.11,8.0,84.74,2025-09-24,13,3.3,False,,
FB001232,Shoes,Banana Republic,Summer,S,Red,92.08,15.8,77.53,2024-02-17,30,4.1,False,,
FB001233,Tops,Gap,Fall,M,Brown,78.61,0.0,78.61,2025-10-16,3,4.2,False,,
FB001234,Outerwear,Ann Taylor,Winter,M,Black,160.21,41.5,93.72,2025-02-27,49,2.7,False,,
FB001235,Bottoms,Uniqlo,Fall,XL,Black,82.59,0.0,82.59,2025-11-07,34,3.4,False,,
FB001236,Outerwear,Uniqlo,Summer,S,Black,228.02,34.8,148.67,2025-04-01,23,4.4,False,,
FB001237,Bottoms,Mango,Spring,L,White,85.3,0.0,85.3,2025-12-21,43,4.0,False,,
FB001238,Outerwear,Zara,Fall,XS,Beige,149.83,12.3,131.4,2025-06-25,3,3.3,True,Color Mismatch,2025-07-07
FB001239,Accessories,Forever21,Summer,XL,Navy,66.36,13.6,57.34,2024-03-09,40,3.9,False,,
FB001240,Outerwear,Banana Republic,Summer,XL,Red,215.76,21.8,168.72,2025-09-16,29,3.3,False,,
FB001241,Bottoms,Banana Republic,Winter,M,Gray,84.15,54.8,38.04,2024-12-04,41,3.2,True,Size Issue,2024-12-15
FB001242,Tops,Forever21,Summer,L,Brown,49.38,10.8,44.05,2024-08-18,0,4.7,False,,
FB001243,Bottoms,Uniqlo,Fall,XL,Beige,122.13,14.8,104.05,2025-08-11,12,4.4,False,,
FB001244,Dresses,Mango,Fall,S,White,102.44,0.0,102.44,2025-09-08,34,4.5,False,,
FB001245,Accessories,Mango,Spring,XS,Navy,71.59,53.2,33.5,2024-11-06,12,3.3,True,Color Mismatch,2024-11-14
FB001246,Bottoms,Ann Taylor,Summer,S,Gray,44.77,40.5,26.64,2024-08-01,47,4.1,False,,
FB001247,Tops,Gap,Winter,S,White,97.1,6.9,90.4,2025-06-02,11,3.5,False,,
FB001248,Dresses,Banana Republic,Fall,S,Black,209.92,27.2,152.82,2025-03-01,20,3.7,True,Size Issue,2025-03-27
FB001249,Outerwear,Ann Taylor,Winter,M,Purple,99.04,5.1,93.99,2025-02-13,26,3.7,False,,
FB001250,Accessories,Ann Taylor,Spring,M,Black,43.22,26.0,31.98,2024-03-27,44,4.3,False,,
FB001251,Tops,Gap,Summer,M,Beige,109.73,0.0,109.73,2024-06-30,15,3.7,False,,
FB001252,Bottoms,Mango,Fall,XXL,Gray,121.47,0.0,121.47,2025-11-07,13,3.3,True,Changed Mind,2025-12-04
FB001253,Bottoms,Forever21,Fall,S,Purple,145.84,36.2,93.05,2025-01-08,11,3.9,False,,
FB001254,Accessories,Mango,Summer,L,White,34.89,18.6,28.4,2025-09-28,16,3.7,False,,
FB001255,Accessories,Ann Taylor,Summer,L,Green,62.77,0.0,62.77,2024-02-17,26,4.3,False,,
FB001256,Outerwear,Mango,Fall,XS,Green,139.27,0.0,139.27,2024-03-08,26,3.4,True,Size Issue,2024-03-22
FB001257,Outerwear,Gap,Fall,XL,Beige,80.12,18.5,65.3,2024-05-11,16,3.1,True,Color Mismatch,2024-05-23
FB001258,Outerwear,Banana Republic,Winter,L,Brown,113.37,0.0,113.37,2024-05-26,8,3.8,True,Size Issue,2024-06-19
FB001259,Accessories,Forever21,Spring,XL,Black,31.24,0.0,31.24,2025-11-06,46,4.9,False,,
FB001260,Dresses,Gap,Spring,S,Navy,121.74,31.6,83.27,2025-01-29,2,3.5,False,,
FB001261,Bottoms,Mango,Summer,S,Beige,34.09,23.2,26.18,2024-01-12,20,3.9,False,,
FB001262,Tops,Ann Taylor,Fall,XXL,Brown,60.57,49.1,30.83,2025-07-12,16,3.3,True,Changed Mind,2025-08-02
FB001263,Outerwear,Ann Taylor,Spring,S,Pink,137.97,55.4,61.53,2025-11-10,29,4.2,True,Color Mismatch,2025-12-05
FB001264,Outerwear,Uniqlo,Summer,M,Blue,189.19,42.5,108.78,2025-04-13,14,4.6,False,,
FB001265,Accessories,Uniqlo,Fall,M,Pink,44.42,19.1,35.94,2024-07-05,32,4.6,False,,
FB001266,Outerwear,H&M,Fall,XXL,White,211.9,0.0,211.9,2024-12-28,47,4.7,False,,
FB001267,Bottoms,Zara,Spring,XL,White,113.24,43.3,64.21,2024-04-12,10,4.3,False,,
FB001268,Dresses,H&M,Fall,XL,Brown,122.08,0.0,122.08,2025-02-14,3,3.9,False,,
FB001269,Outerwear,Forever21,Winter,L,Navy,103.14,40.0,61.88,2025-12-26,16,3.8,False,,
FB001270,Shoes,H&M,Summer,XS,Blue,62.45,7.4,57.83,2025-02-04,15,3.8,False,,
FB001271,Dresses,Forever21,Winter,XL,White,92.26,8.4,84.51,2024-05-23,17,4.1,False,,
FB001272,Accessories,Mango,Fall,L,Red,58.7,20.2,46.84,2025-06-17,7,3.7,False,,
FB001273,Accessories,Gap,Fall,XXL,Gray,34.42,0.0,34.42,2025-09-16,47,4.5,False,,
FB001274,Accessories,Ann Taylor,Spring,XS,Blue,69.47,0.0,69.47,2025-04-22,40,3.1,False,,
FB001275,Bottoms,Gap,Spring,S,Purple,42.37,52.1,20.3,2025-01-06,38,3.0,True,Color Mismatch,2025-01-22
FB001276,Dresses,Forever21,Winter,XS,Beige,67.88,36.8,42.9,2024-10-09,46,4.4,False,,
FB001277,Dresses,Ann Taylor,Winter,XXL,Pink,217.12,0.0,217.12,2025-12-31,6,4.7,False,,
FB001278,Bottoms,Gap,Fall,XL,Blue,109.88,0.0,109.88,2025-12-26,49,4.1,False,,
FB001279,Outerwear,Forever21,Winter,XS,Brown,98.33,32.9,65.98,2025-08-12,6,4.1,True,Color Mismatch,2025-08-20
FB001280,Shoes,Forever21,Winter,XXL,Green,95.57,37.0,60.21,2025-06-19,36,4.5,True,Size Issue,2025-07-15
FB001281,Dresses,Forever21,Summer,S,Brown,80.73,9.9,72.74,2025-02-26,18,4.1,False,,
FB001282,Dresses,Gap,Spring,M,Beige,108.49,45.0,59.67,2024-02-18,28,4.0,True,Size Issue,2024-03-10
FB001283,Shoes,Mango,Fall,XL,Purple,143.73,35.1,93.28,2024-06-25,49,3.0,False,,
FB001284,Accessories,Ann Taylor,Spring,XL,Purple,63.09,24.6,47.57,2024-04-13,19,4.2,False,,
FB001285,Accessories,Forever21,Spring,XL,Gray,56.57,24.0,42.99,2025-05-12,45,3.6,False,,
FB001286,Tops,Ann Taylor,Fall,S,Navy,21.59,0.0,21.59,2025-06-02,19,4.8,False,,
FB001287,Outerwear,Uniqlo,Fall,L,Brown,198.26,0.0,198.26,2025-12-29,5,3.0,False,,
FB001288,Dresses,Forever21,Spring,S,Navy,140.58,18.8,114.15,2024-10-27,6,3.3,False,,
FB001289,Accessories,Ann Taylor,Fall,L,Green,30.98,0.0,30.98,2024-01-27,17,3.5,False,,
FB001290,Dresses,H&M,Fall,S,Gray,160.14,0.0,160.14,2024-10-30,0,3.0,True,Size Issue,2024-11-27
FB001291,Outerwear,Gap,Winter,L,Purple,173.71,11.2,154.25,2025-08-17,33,4.5,False,,
FB001292,Outerwear,Forever21,Spring,XXL,Navy,216.58,0.0,216.58,2025-01-08,23,4.0,False,,
FB001293,Bottoms,Ann Taylor,Spring,XS,Red,68.6,34.0,45.28,2025-07-05,50,2.6,False,,
FB001294,Accessories,Gap,Spring,XS,Brown,29.81,0.0,29.81,2025-10-22,44,3.9,False,,
FB001295,Bottoms,Gap,Spring,XL,Green,85.23,13.9,73.38,2024-06-24,4,3.0,True,Wrong Item,2024-07-12
FB001296,Dresses,Zara,Spring,L,Red,60.84,19.3,49.1,2025-08-06,17,4.4,True,Damaged,2025-08-07
FB001297,Dresses,Gap,Winter,XXL,Red,217.66,0.0,217.66,2024-11-13,28,2.8,False,,
FB001298,Dresses,Uniqlo,Spring,S,Brown,185.73,11.1,165.11,2025-07-06,49,4.2,False,,
FB001299,Outerwear,Ann Taylor,Summer,XL,Green,201.06,6.8,187.39,2025-09-20,4,3.6,True,Wrong Item,2025-10-14
FB001300,Bottoms,H&M,Fall,XL,Red,130.29,0.0,130.29,2024-05-02,31,3.5,False,,
FB001301,Accessories,Forever21,Winter,L,Blue,60.27,0.0,60.27,2024-07-06,21,3.8,True,Changed Mind,2024-07-12
FB001302,Dresses,Forever21,Spring,L,Black,81.38,8.4,74.54,2025-10-10,41,4.7,True,Wrong Item,2025-11-04
FB001303,Accessories,Uniqlo,Summer,XL,Green,78.83,0.0,78.83,2024-04-07,23,2.9,True,Color Mismatch,2024-04-08
FB001304,Accessories,Ann Taylor,Winter,M,Green,67.0,10.6,59.9,2024-06-25,4,3.3,True,Color Mismatch,2024-07-11
FB001305,Bottoms,H&M,Spring,XS,Beige,139.51,13.6,120.54,2025-12-24,28,4.3,False,,
FB001306,Bottoms,Mango,Winter,XS,Brown,34.65,19.4,27.93,2024-11-15,7,4.1,False,,
FB001307,Accessories,Ann Taylor,Fall,XL,Purple,25.88,0.0,25.88,2025-09-09,12,2.6,True,Color Mismatch,2025-10-09
FB001308,Shoes,Gap,Winter,L,Black,146.99,0.0,146.99,2025-01-09,15,3.9,True,Wrong Item,2025-01-16
FB001309,Tops,Zara,Spring,XS,Gray,101.09,54.2,46.3,2024-04-11,37,4.0,False,,
FB001310,Accessories,Ann Taylor,Winter,XL,Beige,28.06,0.0,28.06,2024-07-21,28,3.7,False,,
FB001311,Dresses,Forever21,Winter,L,Blue,64.01,0.0,64.01,2024-11-25,6,4.5,False,,
FB001312,Outerwear,Forever21,Spring,L,Pink,211.04,30.6,146.46,2024-07-11,2,3.8,False,,
FB001313,Shoes,Mango,Spring,XXL,Green,125.49,0.0,125.49,2025-01-29,19,4.6,True,Color Mismatch,2025-01-31
FB001314,Dresses,Forever21,Fall,XL,Navy,165.79,0.0,165.79,2024-04-11,13,3.6,False,,
FB001315,Bottoms,H&M,Spring,XS,White,89.43,14.2,76.73,2025-01-25,2,3.2,True,Changed Mind,2025-02-24
FB001316,Shoes,Zara,Fall,XXL,Navy,197.5,56.5,85.91,2025-02-15,23,4.4,True,Size Issue,2025-02-23
FB001317,Outerwear,Uniqlo,Winter,XXL,Brown,200.73,46.2,107.99,2024-10-06,41,4.1,True,Size Issue,2024-11-02
FB001318,Tops,Forever21,Spring,S,Gray,45.34,0.0,45.34,2025-02-08,44,4.1,True,Wrong Item,2025-02-13
FB001319,Dresses,H&M,Summer,XXL,Black,69.6,49.8,34.94,2025-07-03,11,4.4,True,Color Mismatch,2025-07-12
FB001320,Dresses,Forever21,Spring,XL,Pink,98.4,6.6,91.91,2025-02-08,7,3.8,False,,
FB001321,Bottoms,Banana Republic,Winter,S,Red,92.19,0.0,92.19,2024-04-21,30,4.6,False,,
FB001322,Accessories,Forever21,Fall,XS,Black,30.71,11.6,27.15,2025-03-28,9,3.4,False,,
FB001323,Accessories,H&M,Fall,XXL,Navy,17.84,0.0,17.84,2024-12-15,9,3.9,False,,
FB001324,Shoes,Mango,Spring,L,White,184.25,0.0,184.25,2024-06-05,24,4.0,False,,
FB001325,Outerwear,Banana Republic,Fall,S,Beige,113.04,28.8,80.48,2024-03-12,28,4.2,False,,
FB001326,Outerwear,Uniqlo,Fall,S,Purple,243.91,0.0,243.91,2024-03-07,43,2.6,True,Color Mismatch,2024-03-08
FB001327,Outerwear,Mango,Spring,M,Green,104.39,0.0,104.39,2024-01-07,14,4.8,False,,
FB001328,Outerwear,Zara,Winter,XL,Black,225.69,20.7,178.97,2024-03-16,34,4.0,True,Wrong Item,2024-04-15
FB001329,Outerwear,Forever21,Spring,XXL,Brown,145.75,44.8,80.45,2025-09-19,31,3.8,True,Color Mismatch,2025-10-10
FB001330,Tops,Gap,Fall,L,Purple,107.94,0.0,107.94,2025-10-14,18,2.6,False,,
FB001331,Tops,Uniqlo,Fall,M,Green,63.17,0.0,63.17,2025-04-15,2,4.1,False,,
FB001332,Outerwear,H&M,Winter,S,Beige,140.0,48.4,72.24,2025-04-16,26,2.3,True,Quality Issue,2025-04-29
FB001333,Tops,Ann Taylor,Spring,M,Beige,59.89,24.1,45.46,2025-12-30,13,3.4,True,Quality Issue,2026-01-27
FB001334,Dresses,Ann Taylor,Winter,XL,Blue,113.72,0.0,113.72,2024-05-24,25,3.4,False,,
FB001335,Outerwear,Gap,Spring,XL,Blue,88.65,0.0,88.65,2024-06-09,35,3.5,False,,
FB001336,Outerwear,Forever21,Fall,L,Green,197.97,15.0,168.27,2025-11-27,17,4.3,False,,
FB001337,Bottoms,Forever21,Fall,S,Blue,67.98,0.0,67.98,2024-05-13,47,4.0,False,,
FB001338,Tops,Ann Taylor,Summer,XXL,Black,98.7,0.0,98.7,2024-02-24,0,3.5,False,,
FB001339,Accessories,Ann Taylor,Spring,S,Red,77.27,0.0,77.27,2025-01-06,4,2.9,False,,
FB001340,Shoes,Gap,Winter,M,Red,86.36,0.0,86.36,2024-06-12,35,3.0,False,,
FB001341,Bottoms,Mango,Winter,XS,Purple,139.23,13.4,120.57,2025-04-25,40,4.4,False,,
FB001342,Shoes,H&M,Summer,XXL,Red,185.47,0.0,185.47,2024-05-18,2,4.2,False,,
FB001343,Tops,Forever21,Winter,S,Green,78.62,47.2,41.51,2025-08-21,28,3.6,False,,
FB001344,Tops,Zara,Winter,XXL,Brown,54.38,0.0,54.38,2025-01-13,5,4.9,True,Size Issue,2025-01-23
FB001345,Dresses,Forever21,Fall,XS,Beige,83.51,9.4,75.66,2024-03-26,50,4.1,True,Color Mismatch,2024-04-11
FB001346,Accessories,Forever21,Fall,M,Pink,27.48,0.0,27.48,2024-01-25,33,3.8,False,,
FB001347,Bottoms,Zara,Fall,XXL,Pink,61.57,46.8,32.76,2025-11-03,17,3.5,False,,
FB001348,Accessories,Ann Taylor,Summer,S,Brown,15.69,9.5,14.2,2025-04-26,12,4.4,False,,
FB001349,Accessories,Uniqlo,Winter,M,Navy,67.2,55.7,29.77,2025-12-25,26,3.7,False,,
FB001350,Shoes,Uniqlo,Fall,L,Pink,82.67,58.4,34.39,2025-11-13,5,4.3,False,,
FB001351,Outerwear,Banana Republic,Summer,S,Black,121.3,0.0,121.3,2024-06-06,4,4.1,False,,
FB001352,Bottoms,Banana Republic,Summer,XS,Green,118.38,0.0,118.38,2024-03-13,39,4.4,True,Changed Mind,2024-04-10
FB001353,Tops,Ann Taylor,Summer,XL,Black,25.62,0.0,25.62,2024-03-24,47,3.0,True,Damaged,2024-03-27
FB001354,Accessories,Forever21,Fall,S,Green,61.6,14.4,52.73,2025-05-02,12,3.5,False,,
FB001355,Dresses,Gap,Fall,L,Pink,174.37,17.9,143.16,2024-07-08,28,3.3,False,,
FB001356,Accessories,Mango,Fall,M,Red,72.08,7.8,66.46,2025-12-20,7,2.6,False,,
FB001357,Bottoms,Mango,Spring,S,Red,77.36,25.9,57.32,2025-06-02,26,4.4,False,,
FB001358,Bottoms,Forever21,Spring,M,White,93.67,39.4,56.76,2024-10-15,16,3.5,False,,
FB001359,Accessories,Zara,Summer,L,Navy,73.68,0.0,73.68,2025-03-16,48,3.8,True,Damaged,2025-03-31
FB001360,Accessories,Banana Republic,Spring,XL,Navy,60.37,19.4,48.66,2024-09-25,36,3.8,False,,
FB001361,Shoes,Gap,Spring,XXL,Gray,99.27,0.0,99.27,2024-11-16,31,4.5,False,,
FB001362,Dresses,H&M,Fall,XL,Red,57.26,12.0,50.39,2024-11-28,29,2.9,False,,
FB001363,Tops,Gap,Winter,L,Red,34.21,28.4,24.49,2024-05-22,1,3.2,False,,
FB001364,Tops,Mango,Winter,M,Green,63.44,38.1,39.27,2025-08-30,9,3.7,False,,
FB001365,Bottoms,Banana Republic,Summer,L,Gray,47.99,0.0,47.99,2025-05-24,1,4.3,False,,
FB001366,Shoes,Uniqlo,Fall,S,Gray,137.09,11.5,121.32,2025-05-14,10,4.4,False,,
FB001367,Accessories,Ann Taylor,Summer,XS,Navy,60.89,7.1,56.57,2025-05-21,33,3.5,False,,
FB001368,Tops,Gap,Summer,M,Beige,35.86,15.3,30.37,2025-09-18,27,4.9,False,,
FB001369,Bottoms,Uniqlo,Spring,XXL,Navy,126.85,47.4,66.72,2024-03-05,30,3.4,True,Size Issue,2024-03-13
FB001370,Bottoms,Ann Taylor,Fall,M,Beige,139.89,55.7,61.97,2024-12-14,35,3.2,False,,
FB001371,Shoes,H&M,Fall,M,Beige,131.56,54.2,60.25,2024-08-30,39,4.8,False,,
FB001372,Bottoms,Gap,Winter,XS,Navy,91.32,0.0,91.32,2024-05-31,48,4.4,False,,
FB001373,Accessories,Gap,Winter,XL,Pink,19.35,7.9,17.82,2024-10-09,49,4.5,False,,
FB001374,Shoes,Zara,Winter,S,White,141.29,0.0,141.29,2025-05-09,39,3.3,False,,
FB001375,Shoes,Ann Taylor,Winter,M,Brown,181.31,0.0,181.31,2024-07-11,41,4.7,False,,
FB001376,Outerwear,Banana Republic,Spring,XXL,Green,205.03,0.0,205.03,2024-10-16,32,3.6,True,Size Issue,2024-11-08
FB001377,Accessories,Uniqlo,Spring,S,Red,34.25,0.0,34.25,2025-03-07,41,3.7,False,,
FB001378,Tops,Mango,Winter,XXL,Blue,75.53,16.4,63.14,2024-10-07,6,3.8,False,,
FB001379,Bottoms,Gap,Spring,S,Brown,45.42,42.5,26.12,2025-07-19,20,2.9,False,,
FB001380,Bottoms,Ann Taylor,Winter,XL,Green,105.47,10.9,93.97,2025-09-19,20,4.8,False,,
FB001381,Accessories,Uniqlo,Spring,XL,Brown,17.56,15.8,14.79,2024-05-15,45,4.3,False,,
FB001382,Accessories,Mango,Fall,XS,Purple,25.62,21.8,20.03,2024-12-31,23,2.8,True,Size Issue,2025-01-25
FB001383,Accessories,Gap,Winter,XL,Green,49.1,10.9,43.75,2025-07-15,9,3.2,False,,
FB001384,Bottoms,Gap,Fall,XS,Pink,57.29,0.0,57.29,2025-07-25,43,2.7,True,Changed Mind,2025-08-17
FB001385,Bottoms,Gap,Summer,XS,White,121.02,59.1,49.5,2025-05-27,8,3.6,True,Size Issue,2025-06-17
FB001386,Dresses,Forever21,Summer,XL,Pink,133.68,33.9,88.36,2024-03-10,35,4.4,True,Color Mismatch,2024-03-12
FB001387,Bottoms,H&M,Winter,XS,Navy,114.22,10.5,102.23,2025-02-10,10,3.3,True,Size Issue,2025-03-12
FB001388,Dresses,Uniqlo,Spring,XL,Navy,136.85,0.0,136.85,2025-09-14,12,3.9,False,,
FB001389,Bottoms,Ann Taylor,Spring,L,Black,108.06,11.7,95.42,2025-11-18,41,2.9,False,,
FB001390,Tops,H&M,Fall,XS,Green,58.75,0.0,58.75,2024-07-23,13,4.1,False,,
FB001391,Dresses,Uniqlo,Fall,XL,Pink,111.36,0.0,111.36,2024-08-23,40,2.5,False,,
FB001392,Shoes,H&M,Summer,M,Green,74.63,0.0,74.63,2024-07-30,21,4.3,False,,
FB001393,Dresses,Forever21,Spring,L,Blue,152.31,0.0,152.31,2025-05-06,31,4.8,False,,
FB001394,Shoes,H&M,Summer,XL,Black,181.51,52.4,86.4,2024-10-07,0,4.3,False,,
FB001395,Shoes,Gap,Winter,XXL,Brown,193.79,0.0,193.79,2024-08-08,23,3.9,False,,
FB001396,Tops,Ann Taylor,Summer,M,Blue,85.36,0.0,85.36,2024-05-02,2,2.9,False,,
FB001397,Shoes,Gap,Fall,XS,Beige,159.08,20.6,126.31,2024-06-27,30,4.7,True,Size Issue,2024-07-05
FB001398,Tops,Uniqlo,Spring,XS,Brown,67.97,23.1,52.27,2025-02-11,4,4.8,False,,
FB001399,Accessories,Zara,Winter,L,Gray,41.81,51.5,20.28,2025-11-03,2,3.6,True,Size Issue,2025-11-12
FB001400,Dresses,Uniqlo,Winter,S,Pink,54.15,0.0,54.15,2024-08-28,12,2.9,False,,
FB001401,Accessories,Zara,Winter,XL,Gray,66.48,34.9,43.28,2025-01-07,18,4.0,True,Changed Mind,2025-01-22
FB001402,Tops,Mango,Spring,XXL,Navy,92.62,9.8,83.54,2024-12-21,40,4.2,False,,
FB001403,Outerwear,Forever21,Spring,L,Navy,210.44,0.0,210.44,2025-05-21,43,4.2,False,,
FB001404,Tops,Ann Taylor,Winter,XS,Brown,45.32,0.0,45.32,2025-10-22,22,4.6,False,,
FB001405,Outerwear,Mango,Summer,M,Purple,236.11,42.9,134.82,2025-07-07,21,3.0,False,,
FB001406,Dresses,Mango,Fall,S,Blue,63.9,6.7,59.62,2025-07-11,32,3.6,True,Size Issue,2025-07-30
FB001407,Accessories,Uniqlo,Fall,XXL,White,59.46,29.8,41.74,2025-01-17,20,4.8,False,,
FB001408,Tops,Forever21,Fall,XL,Navy,94.98,39.8,57.18,2025-10-17,14,3.3,False,,
FB001409,Bottoms,H&M,Summer,XL,Black,89.42,53.9,41.22,2024-09-04,19,3.4,False,,
FB001410,Shoes,H&M,Summer,S,Green,42.6,0.0,42.6,2024-07-09,13,3.0,False,,
FB001411,Dresses,Banana Republic,Summer,M,Gray,211.67,10.4,189.66,2024-01-11,25,4.4,False,,
FB001412,Shoes,Ann Taylor,Winter,M,White,88.61,18.8,71.95,2025-09-21,40,3.6,False,,
FB001413,Dresses,Gap,Summer,L,Navy,109.75,0.0,109.75,2025-01-27,30,2.2,False,,
FB001414,Accessories,Forever21,Spring,XXL,Gray,79.65,19.4,64.2,2024-03-29,48,4.7,False,,
FB001415,Outerwear,Banana Republic,Summer,S,Beige,236.79,16.2,198.43,2025-09-10,15,3.6,False,,
FB001416,Accessories,Ann Taylor,Spring,XL,Gray,29.08,5.2,27.57,2025-08-30,8,4.0,False,,
FB001417,Accessories,Gap,Summer,XL,Red,45.11,27.8,32.57,2025-10-31,34,4.0,False,,
FB001418,Shoes,Banana Republic,Winter,S,Gray,86.94,0.0,86.94,2025-09-07,18,3.4,True,Size Issue,2025-09-29
FB001419,Bottoms,Banana Republic,Fall,L,Gray,59.89,16.2,50.19,2024-06-29,41,4.7,False,,
FB001420,Accessories,Uniqlo,Fall,S,Navy,71.26,12.4,62.42,2025-03-31,45,4.6,False,,
FB001421,Accessories,Banana Republic,Fall,S,Red,63.12,51.3,30.74,2025-05-23,28,3.6,False,,
FB001422,Dresses,Forever21,Summer,XXL,Purple,202.61,13.2,175.87,2025-04-30,26,3.9,True,Size Issue,2025-05-23
FB001423,Tops,Banana Republic,Summer,XS,Pink,107.78,29.5,75.98,2024-09-06,32,3.9,False,,
FB001424,Bottoms,Banana Republic,Summer,S,Black,98.45,28.9,70.0,2025-01-17,34,3.9,False,,
FB001425,Tops,Banana Republic,Fall,XL,Blue,31.58,0.0,31.58,2024-05-30,12,3.8,False,,
FB001426,Dresses,Forever21,Summer,M,Green,136.73,0.0,136.73,2025-11-12,33,3.7,True,Color Mismatch,2025-11-13
FB001427,Shoes,Mango,Spring,S,Gray,168.2,0.0,168.2,2025-05-04,30,4.1,False,,
FB001428,Accessories,Mango,Winter,XL,Beige,55.76,41.4,32.68,2024-05-10,42,4.4,False,,
FB001429,Bottoms,Banana Republic,Winter,XL,Black,97.94,0.0,97.94,2025-02-27,48,4.0,False,,
FB001430,Shoes,H&M,Spring,L,Green,160.38,0.0,160.38,2025-02-08,20,4.7,True,Damaged,2025-03-04
FB001431,Shoes,Forever21,Winter,XL,White,159.78,0.0,159.78,2025-06-05,39,3.6,False,,
FB001432,Dresses,Mango,Fall,XL,Purple,98.9,28.7,70.52,2025-03-03,1,4.5,True,Size Issue,2025-03-26
FB001433,Bottoms,Zara,Spring,M,Blue,63.7,39.7,38.41,2024-11-06,21,3.9,False,,
FB001434,Outerwear,Ann Taylor,Spring,L,Purple,162.92,36.8,102.97,2025-12-12,37,3.8,False,,
FB001435,Dresses,Mango,Winter,M,Black,167.54,50.7,82.6,2025-10-08,39,4.4,True,Size Issue,2025-11-07
FB001436,Shoes,Uniqlo,Fall,M,Navy,185.15,10.2,166.26,2024-07-15,19,4.4,False,,
FB001437,Outerwear,Forever21,Spring,M,Brown,152.05,35.4,98.22,2024-05-22,50,4.6,False,,
FB001438,Dresses,Uniqlo,Fall,XXL,Beige,111.45,9.8,100.53,2025-08-18,29,4.3,False,,
FB001439,Accessories,Uniqlo,Fall,S,Brown,66.35,23.7,50.63,2025-05-23,41,4.4,False,,
FB001440,Tops,Gap,Spring,XL,Gray,73.74,0.0,73.74,2024-03-14,38,4.4,False,,
FB001441,Tops,Forever21,Summer,XS,White,101.2,0.0,101.2,2025-04-10,31,4.8,False,,
FB001442,Outerwear,Uniqlo,Winter,S,Pink,88.67,19.7,71.2,2024-04-20,38,4.3,False,,
FB001443,Tops,Ann Taylor,Summer,S,Red,32.29,39.9,19.41,2024-03-12,2,4.2,False,,
FB001444,Outerwear,Uniqlo,Fall,XS,Beige,151.95,0.0,151.95,2025-08-03,42,3.6,True,Size Issue,2025-08-23
FB001445,Dresses,Uniqlo,Spring,L,White,89.18,13.6,77.05,2025-07-19,17,3.7,False,,
FB001446,Bottoms,Mango,Summer,XL,Brown,68.01,0.0,68.01,2024-07-27,24,3.2,False,,
FB001447,Accessories,Mango,Summer,XL,Brown,78.61,0.0,78.61,2024-05-07,31,4.0,True,Wrong Item,2024-05-15
FB001448,Bottoms,Gap,Fall,S,White,63.54,0.0,63.54,2024-11-11,42,2.7,False,,
FB001449,Outerwear,Forever21,Winter,S,White,97.06,0.0,97.06,2025-03-30,45,4.5,False,,
FB001450,Dresses,Forever21,Winter,XS,Purple,180.06,0.0,180.06,2025-05-18,43,3.6,False,,
FB001451,Outerwear,Ann Taylor,Spring,XS,Gray,166.29,11.6,147.0,2025-01-16,13,3.7,True,Size Issue,2025-02-12
FB001452,Dresses,Forever21,Fall,L,White,87.05,9.1,79.13,2024-10-24,45,2.5,False,,
FB001453,Tops,Gap,Summer,XXL,Brown,44.41,29.0,31.53,2025-02-02,1,4.4,False,,
FB001454,Shoes,Forever21,Summer,L,Blue,155.87,41.8,90.72,2024-12-22,16,4.2,True,Changed Mind,2024-12-31
FB001455,Tops,Mango,Fall,S,Brown,84.5,17.2,69.97,2025-01-25,2,4.0,False,,
FB001456,Bottoms,Banana Republic,Fall,XS,Brown,113.44,0.0,113.44,2025-06-21,5,3.9,False,,
FB001457,Tops,Mango,Spring,S,Blue,47.85,44.6,26.51,2024-06-19,19,4.4,False,,
FB001458,Bottoms,Banana Republic,Summer,XL,Beige,123.97,57.3,52.94,2024-06-29,47,2.0,True,Quality Issue,2024-07-13
FB001459,Bottoms,H&M,Summer,S,Brown,115.5,0.0,115.5,2024-10-02,6,3.8,False,,
FB001460,Bottoms,Banana Republic,Winter,XL,Navy,116.79,0.0,116.79,2024-09-08,11,4.5,False,,
FB001461,Shoes,Mango,Spring,XL,Green,120.15,47.9,62.6,2024-02-19,10,2.8,True,Color Mismatch,2024-02-27
FB001462,Outerwear,Ann Taylor,Spring,L,White,157.34,34.3,103.37,2025-10-17,10,2.9,False,,
FB001463,Accessories,Banana Republic,Winter,S,Green,33.67,12.3,29.53,2025-02-08,48,4.2,False,,
FB001464,Dresses,Forever21,Winter,XXL,Purple,110.17,15.8,92.76,2025-02-18,47,3.2,False,,
FB001465,Outerwear,Forever21,Fall,XL,Gray,101.46,0.0,101.46,2025-09-06,4,4.2,False,,
FB001466,Shoes,Banana Republic,Winter,L,Blue,87.92,0.0,87.92,2024-07-22,31,3.1,False,,
FB001467,Bottoms,Forever21,Fall,L,Brown,124.86,33.0,83.66,2025-02-09,19,4.0,False,,
FB001468,Accessories,H&M,Winter,M,Gray,40.95,27.4,29.73,2025-04-19,13,3.5,True,Size Issue,2025-04-27
FB001469,Bottoms,Banana Republic,Spring,M,Green,72.07,57.7,30.49,2024-03-20,27,4.1,False,,
FB001470,Shoes,Gap,Summer,L,Black,96.4,0.0,96.4,2024-06-18,32,3.2,True,Size Issue,2024-06-23
FB001471,Dresses,Uniqlo,Summer,XS,Purple,87.18,5.4,82.47,2024-12-08,25,4.3,False,,
FB001472,Tops,Ann Taylor,Spring,M,Navy,25.09,6.8,23.38,2025-05-14,28,3.1,False,,
FB001473,Outerwear,Zara,Summer,S,Blue,136.13,34.6,89.03,2024-09-30,40,3.9,True,Quality Issue,2024-10-03
FB001474,Outerwear,Forever21,Spring,L,White,87.12,0.0,87.12,2024-07-18,8,3.4,True,Quality Issue,2024-08-01
FB001475,Bottoms,Forever21,Spring,S,Green,148.92,0.0,148.92,2024-09-28,2,4.6,False,,
FB001476,Accessories,H&M,Winter,S,Beige,47.08,0.0,47.08,2024-12-16,29,4.2,False,,
FB001477,Shoes,Gap,Spring,XL,Purple,127.67,54.8,57.71,2025-11-11,40,3.6,False,,
FB001478,Bottoms,Uniqlo,Fall,S,Green,82.06,0.0,82.06,2024-11-03,32,4.8,False,,
FB001479,Dresses,Forever21,Summer,XL,Pink,186.28,0.0,186.28,2025-07-22,9,3.3,True,Quality Issue,2025-08-20
FB001480,Bottoms,Gap,Fall,XS,Purple,90.7,11.0,80.72,2024-12-05,36,4.0,False,,
FB001481,Bottoms,Mango,Winter,XXL,Black,123.0,41.1,72.45,2025-03-18,25,3.3,True,Size Issue,2025-03-19
FB001482,Shoes,Ann Taylor,Summer,M,White,117.84,58.6,48.79,2025-08-25,25,3.2,True,Changed Mind,2025-09-02
FB001483,Shoes,H&M,Fall,M,Red,135.68,17.8,111.53,2024-03-25,6,2.8,True,Damaged,2024-03-26
FB001484,Bottoms,Forever21,Winter,XS,Beige,48.23,0.0,48.23,2024-06-30,30,4.9,True,Size Issue,2024-07-27
FB001485,Shoes,Ann Taylor,Summer,XS,Red,182.86,0.0,182.86,2025-08-19,2,3.9,True,Size Issue,2025-08-20
FB001486,Bottoms,Mango,Winter,L,Black,62.08,0.0,62.08,2024-03-14,33,3.3,False,,
FB001487,Shoes,Mango,Summer,L,Brown,176.38,0.0,176.38,2025-12-17,49,3.9,False,,
FB001488,Tops,H&M,Spring,XS,Blue,105.22,33.9,69.55,2025-01-02,28,3.9,False,,
FB001489,Shoes,Uniqlo,Winter,L,White,167.08,33.3,111.44,2024-09-03,13,4.7,False,,
FB001490,Dresses,Mango,Summer,XS,Green,149.91,0.0,149.91,2025-04-04,6,2.8,True,Changed Mind,2025-04-14
FB001491,Shoes,Ann Taylor,Fall,XXL,Gray,109.65,0.0,109.65,2025-11-15,41,3.5,False,,
FB001492,Outerwear,Uniqlo,Fall,L,Beige,85.75,0.0,85.75,2024-12-19,12,3.7,True,Size Issue,2025-01-15
FB001493,Shoes,Forever21,Fall,L,Gray,145.33,15.6,122.66,2025-04-05,20,4.4,True,Changed Mind,2025-04-29
FB001494,Dresses,Forever21,Spring,XL,Red,51.26,39.1,31.22,2024-04-05,26,2.5,False,,
FB001495,Shoes,Mango,Summer,S,White,122.05,9.2,110.82,2024-07-03,12,4.2,False,,
FB001496,Accessories,Ann Taylor,Spring,XL,Navy,36.92,0.0,36.92,2025-05-28,49,4.8,False,,
FB001497,Bottoms,Ann Taylor,Spring,XL,Blue,136.75,52.2,65.37,2024-07-20,39,2.7,False,,
FB001498,Dresses,Zara,Winter,XXL,Brown,143.01,16.3,119.7,2024-10-18,2,4.7,True,Size Issue,2024-11-08
FB001499,Accessories,Gap,Winter,L,Brown,52.17,56.7,22.59,2025-04-05,14,4.9,False,,
FB001500,Dresses,Zara,Fall,XXL,Brown,93.2,0.0,93.2,2024-08-22,33,3.7,True,Color Mismatch,2024-09-06
FB001501,Bottoms,Forever21,Summer,L,Green,145.04,25.5,108.05,2025-03-02,34,4.7,True,Damaged,2025-03-28
FB001502,Dresses,Uniqlo,Summer,L,Brown,86.28,25.8,64.02,2024-08-28,7,4.5,False,,
FB001503,Tops,Ann Taylor,Fall,XL,Beige,40.03,21.6,31.38,2024-09-08,41,4.2,False,,
FB001504,Accessories,Banana Republic,Fall,XXL,Pink,25.99,0.0,25.99,2025-03-01,16,4.4,False,,
FB001505,Tops,H&M,Fall,M,Black,96.51,0.0,96.51,2025-12-09,34,2.8,False,,
FB001506,Accessories,Banana Republic,Fall,XS,Green,76.98,0.0,76.98,2024-10-03,49,3.3,False,,
FB001507,Accessories,Gap,Spring,XS,Purple,64.79,29.3,45.81,2025-05-07,7,4.4,False,,
FB001508,Shoes,Banana Republic,Spring,XS,Navy,68.22,30.9,47.14,2024-01-19,16,3.0,False,,
FB001509,Outerwear,Banana Republic,Summer,S,Red,138.16,15.3,117.02,2025-05-05,12,3.4,False,,
FB001510,Dresses,Ann Taylor,Summer,M,Blue,184.75,17.1,153.16,2025-02-16,49,3.5,True,Quality Issue,2025-03-08
FB001511,Dresses,Gap,Summer,XXL,White,191.87,55.6,85.19,2025-04-13,35,4.4,True,Changed Mind,2025-04-20
FB001512,Accessories,Zara,Winter,S,Green,52.11,0.0,52.11,2025-01-16,42,4.5,False,,
FB001513,Tops,Zara,Spring,L,Black,33.41,0.0,33.41,2025-07-28,33,4.3,False,,
FB001514,Outerwear,Mango,Winter,L,Purple,249.34,26.8,182.52,2024-02-03,39,2.2,False,,
FB001515,Dresses,Ann Taylor,Fall,M,Purple,189.77,0.0,189.77,2024-02-26,6,3.9,False,,
FB001516,Dresses,Mango,Spring,L,Red,97.71,39.6,59.02,2025-01-07,33,3.9,True,Changed Mind,2025-01-31
FB001517,Shoes,Forever21,Summer,XS,Pink,92.44,37.4,57.87,2025-09-09,33,4.9,False,,
FB001518,Accessories,Ann Taylor,Summer,XS,Pink,64.92,0.0,64.92,2024-07-06,7,4.1,False,,
FB001519,Outerwear,Banana Republic,Fall,XS,Pink,132.95,35.1,86.28,2025-12-30,5,4.2,False,,
FB001520,Outerwear,Uniqlo,Spring,XS,Blue,207.89,0.0,207.89,2024-04-05,26,3.9,False,,
FB001521,Shoes,Zara,Fall,XS,Black,191.84,6.6,179.18,2024-02-13,30,4.6,False,,
FB001522,Shoes,Forever21,Summer,M,Red,134.54,16.9,111.8,2024-12-08,5,4.2,True,Damaged,2025-01-07
FB001523,Outerwear,Banana Republic,Summer,L,White,203.89,0.0,203.89,2025-11-29,47,3.9,False,,
FB001524,Tops,Zara,Spring,XL,White,69.27,0.0,69.27,2024-08-04,27,4.3,False,,
FB001525,Tops,H&M,Spring,M,Red,60.45,18.7,49.15,2024-10-02,18,4.0,False,,
FB001526,Accessories,Forever21,Spring,XXL,Brown,47.35,48.1,24.57,2024-09-16,12,4.8,False,,
FB001527,Outerwear,Mango,Summer,XXL,White,102.52,0.0,102.52,2024-02-17,15,4.3,False,,
FB001528,Dresses,Forever21,Fall,S,Pink,213.1,14.8,181.56,2024-04-23,45,3.7,False,,
FB001529,Accessories,Forever21,Summer,M,White,44.06,0.0,44.06,2024-05-06,41,4.3,False,,
FB001530,Shoes,Forever21,Winter,XXL,Purple,148.85,8.0,136.94,2024-05-29,40,3.5,True,Size Issue,2024-06-26
FB001531,Dresses,H&M,Winter,L,Pink,124.37,0.0,124.37,2025-04-19,27,3.7,True,Size Issue,2025-05-13
FB001532,Tops,Uniqlo,Fall,L,Black,108.13,0.0,108.13,2024-06-30,17,4.5,False,,
FB001533,Accessories,Gap,Summer,XL,Gray,37.61,11.7,33.21,2024-10-09,44,4.2,False,,
FB001534,Tops,Uniqlo,Fall,L,White,63.81,0.0,63.81,2024-08-28,49,3.8,False,,
FB001535,Tops,H&M,Fall,XS,Pink,92.12,15.3,78.03,2025-11-05,17,3.1,False,,
FB001536,Shoes,Forever21,Summer,XS,Brown,193.14,0.0,193.14,2024-09-15,18,4.1,False,,
FB001537,Dresses,Mango,Winter,XL,Green,75.35,0.0,75.35,2025-12-07,49,3.7,False,,
FB001538,Tops,Ann Taylor,Summer,L,White,38.74,34.4,25.41,2024-09-14,27,3.6,False,,
FB001539,Shoes,H&M,Winter,XXL,Brown,130.43,10.7,116.47,2024-07-19,39,4.7,False,,
FB001540,Shoes,Zara,Spring,M,Gray,161.43,12.4,141.41,2025-07-29,27,2.9,True,Size Issue,2025-08-02
FB001541,Outerwear,Mango,Fall,L,Green,114.84,19.9,91.99,2024-04-15,4,3.5,False,,
FB001542,Outerwear,Gap,Fall,S,White,117.14,0.0,117.14,2024-01-12,16,4.7,False,,
FB001543,Tops,Banana Republic,Spring,XXL,Brown,108.98,41.9,63.32,2025-09-18,15,3.5,True,Color Mismatch,2025-10-14
FB001544,Outerwear,H&M,Summer,L,Pink,171.98,33.9,113.68,2025-05-16,0,3.2,False,,
FB001545,Bottoms,Forever21,Spring,XS,Black,90.44,0.0,90.44,2024-10-11,36,3.5,True,Changed Mind,2024-11-10
FB001546,Shoes,Gap,Fall,XS,Black,196.91,15.0,167.37,2024-06-25,12,4.5,False,,
FB001547,Bottoms,Zara,Fall,S,White,53.72,0.0,53.72,2025-11-08,3,4.1,False,,
FB001548,Outerwear,Mango,Summer,XS,White,142.33,35.2,92.23,2025-03-18,43,3.5,True,Size Issue,2025-04-16
FB001549,Bottoms,Gap,Winter,XS,Red,74.94,15.3,63.47,2024-04-21,26,4.0,True,Size Issue,2024-04-24
FB001550,Bottoms,Forever21,Summer,L,White,113.96,0.0,113.96,2025-06-16,45,4.6,False,,
FB001551,Dresses,Ann Taylor,Winter,S,Brown,140.58,19.3,113.45,2024-06-25,27,3.5,False,,
FB001552,Tops,Uniqlo,Spring,M,Brown,41.41,35.4,26.75,2024-07-19,1,3.4,False,,
FB001553,Tops,Gap,Summer,XL,Black,99.66,0.0,99.66,2024-08-23,3,4.2,False,,
FB001554,Outerwear,Banana Republic,Winter,L,Beige,178.71,22.7,138.14,2024-07-03,33,3.7,False,,
FB001555,Bottoms,Mango,Fall,XS,Purple,133.0,6.1,124.89,2025-07-19,34,3.3,True,Size Issue,2025-07-22
FB001556,Shoes,Uniqlo,Spring,XL,Red,172.5,0.0,172.5,2024-07-29,31,3.7,True,Quality Issue,2024-08-21
FB001557,Dresses,Banana Republic,Fall,XL,Gray,62.14,30.9,42.94,2024-11-25,47,3.2,False,,
FB001558,Dresses,Uniqlo,Spring,XS,Green,180.13,35.5,116.18,2024-01-25,44,4.2,False,,
FB001559,Dresses,Zara,Summer,M,Red,178.78,31.7,122.11,2025-12-05,5,4.1,True,Size Issue,2025-12-20
FB001560,Outerwear,Ann Taylor,Summer,XXL,Brown,84.39,0.0,84.39,2024-11-16,22,4.8,False,,
FB001561,Accessories,Uniqlo,Spring,M,Red,20.53,32.0,13.96,2025-07-06,36,4.4,False,,
FB001562,Tops,Banana Republic,Fall,S,Pink,70.14,26.3,51.69,2024-02-11,30,3.4,False,,
FB001563,Tops,Zara,Summer,XL,Green,20.28,0.0,20.28,2025-01-21,15,3.1,False,,
FB001564,Shoes,Banana Republic,Spring,XXL,Purple,84.01,0.0,84.01,2025-07-30,24,3.1,True,Size Issue,2025-08-25
FB001565,Shoes,H&M,Spring,M,Beige,47.84,0.0,47.84,2025-08-13,10,3.7,False,,
FB001566,Accessories,Zara,Winter,XS,Blue,28.51,17.8,23.44,2025-04-16,35,4.5,False,,
FB001567,Accessories,Mango,Fall,XS,Green,32.41,0.0,32.41,2025-02-05,7,4.8,False,,
FB001568,Outerwear,Banana Republic,Summer,M,Beige,204.66,52.9,96.39,2025-04-30,35,3.9,False,,
FB001569,Bottoms,H&M,Winter,XXL,White,93.4,0.0,93.4,2024-09-05,17,3.2,True,Size Issue,2024-09-28
FB001570,Tops,Uniqlo,Fall,XL,Brown,84.52,26.1,62.46,2024-06-11,19,4.3,True,Wrong Item,2024-07-06
FB001571,Dresses,Mango,Spring,XXL,Purple,123.25,0.0,123.25,2024-09-14,49,4.4,True,Color Mismatch,2024-10-11
FB001572,Tops,Uniqlo,Winter,S,Navy,114.61,9.4,103.84,2024-07-10,2,4.7,False,,
FB001573,Bottoms,Ann Taylor,Spring,XL,Beige,52.43,0.0,52.43,2024-01-24,46,3.8,False,,
FB001574,Tops,Forever21,Spring,L,Pink,106.31,19.4,85.69,2025-06-01,33,2.2,False,,
FB001575,Accessories,H&M,Summer,M,White,51.15,7.7,47.21,2024-12-05,17,2.1,False,,
FB001576,Bottoms,Gap,Summer,XXL,Navy,34.5,21.2,27.19,2024-09-01,18,3.2,True,Size Issue,2024-09-26
FB001577,Shoes,H&M,Spring,XL,Navy,181.36,0.0,181.36,2024-08-15,46,3.8,False,,
FB001578,Accessories,Banana Republic,Summer,XXL,Brown,44.56,18.2,36.45,2025-07-11,7,4.6,True,Color Mismatch,2025-07-19
FB001579,Outerwear,Banana Republic,Fall,L,White,102.9,20.0,82.32,2025-02-20,2,3.5,False,,
FB001580,Dresses,Banana Republic,Summer,XL,Purple,134.43,59.8,54.04,2025-04-17,6,4.6,False,,
FB001581,Tops,Zara,Summer,S,White,102.03,40.6,60.61,2024-12-08,6,4.3,False,,
FB001582,Accessories,Mango,Summer,S,Blue,36.7,12.5,32.11,2024-10-17,46,3.5,False,,
FB001583,Outerwear,Banana Republic,Winter,XS,Brown,195.62,14.1,168.04,2024-05-17,22,4.3,False,,
FB001584,Accessories,Uniqlo,Summer,XS,Purple,56.55,6.6,52.82,2024-08-19,18,4.1,False,,
FB001585,Outerwear,Gap,Spring,XS,Brown,103.68,43.9,58.16,2024-06-10,46,4.5,False,,
FB001586,Outerwear,Mango,Summer,S,Gray,126.75,0.0,126.75,2024-04-04,4,4.0,True,Size Issue,2024-04-27
FB001587,Dresses,Uniqlo,Fall,XL,Purple,119.23,36.6,75.59,2024-01-22,40,4.2,False,,
FB001588,Shoes,H&M,Winter,L,Blue,109.66,20.9,86.74,2024-04-08,44,2.7,True,Quality Issue,2024-04-22
FB001589,Accessories,Zara,Fall,XS,Purple,72.52,11.0,64.54,2024-03-31,38,4.5,False,,
FB001590,Accessories,Forever21,Fall,XXL,Gray,19.72,44.3,10.98,2024-08-11,11,4.0,True,Size Issue,2024-08-13
FB001591,Tops,Mango,Winter,XL,Black,68.54,28.5,49.01,2025-10-21,35,4.3,False,,
FB001592,Outerwear,H&M,Spring,M,Green,99.69,0.0,99.69,2024-01-06,35,3.4,False,,
FB001593,Tops,H&M,Spring,M,White,67.69,31.0,46.71,2024-05-19,33,4.6,False,,
FB001594,Bottoms,H&M,Spring,XL,Black,36.41,29.0,25.85,2024-01-19,44,2.8,False,,
FB001595,Accessories,Ann Taylor,Summer,M,Pink,52.32,54.3,23.91,2024-09-18,28,3.7,False,,
FB001596,Bottoms,Forever21,Winter,XL,Brown,126.97,53.1,59.55,2025-10-19,35,4.6,False,,
FB001597,Outerwear,Gap,Summer,XL,Pink,104.68,31.6,71.6,2025-08-05,40,4.5,True,Changed Mind,2025-08-24
FB001598,Accessories,Uniqlo,Summer,XL,Pink,52.02,37.1,32.72,2024-07-13,11,3.2,True,Quality Issue,2024-07-23
FB001599,Bottoms,Forever21,Winter,XL,Purple,145.28,0.0,145.28,2025-12-17,39,3.6,True,Color Mismatch,2026-01-02
FB001600,Bottoms,Forever21,Summer,L,Blue,146.68,0.0,146.68,2024-06-27,28,4.2,False,,
FB001601,Shoes,H&M,Fall,M,Beige,146.01,53.0,68.62,2024-05-21,33,4.8,False,,
FB001602,Outerwear,Zara,Spring,XS,Navy,243.2,42.4,140.08,2025-12-12,9,4.6,False,,
FB001603,Tops,Ann Taylor,Summer,XL,Red,60.62,30.9,41.89,2025-03-20,9,4.3,False,,
FB001604,Accessories,Forever21,Winter,M,Blue,55.97,44.3,31.18,2025-05-08,35,3.9,False,,
FB001605,Accessories,Mango,Fall,XL,Navy,52.15,55.0,23.47,2024-07-15,16,2.9,False,,
FB001606,Tops,Mango,Fall,XL,Pink,104.98,0.0,104.98,2024-01-31,2,2.8,False,,
FB001607,Bottoms,Gap,Fall,XS,Green,110.13,14.0,94.71,2024-03-05,24,3.4,False,,
FB001608,Accessories,Forever21,Fall,XS,Black,58.44,26.7,42.84,2024-02-19,1,3.6,False,,
FB001609,Tops,Zara,Spring,XS,Pink,82.99,0.0,82.99,2024-11-25,47,3.5,True,Size Issue,2024-12-01
FB001610,Dresses,H&M,Winter,XXL,Blue,156.59,0.0,156.59,2024-08-13,23,3.1,False,,
FB001611,Shoes,Zara,Winter,L,Gray,135.81,5.9,127.8,2024-05-23,28,2.5,False,,
FB001612,Tops,Mango,Fall,M,Green,75.55,0.0,75.55,2025-10-02,31,3.2,False,,
FB001613,Tops,Zara,Fall,XL,Brown,26.68,20.5,21.21,2025-11-21,33,5.0,False,,
FB001614,Accessories,H&M,Fall,S,Gray,30.09,59.1,12.31,2025-01-01,20,4.3,False,,
FB001615,Bottoms,H&M,Spring,L,Black,86.06,49.3,43.63,2024-06-17,13,2.7,False,,
FB001616,Accessories,Mango,Summer,L,Black,29.23,17.4,24.14,2024-11-21,42,4.7,False,,
FB001617,Tops,Ann Taylor,Winter,XS,White,41.83,0.0,41.83,2025-07-12,42,3.2,True,Size Issue,2025-07-14
FB001618,Dresses,Mango,Spring,XS,Red,196.9,0.0,196.9,2024-04-06,2,2.9,True,Size Issue,2024-04-08
FB001619,Bottoms,Gap,Fall,XXL,Pink,129.84,13.0,112.96,2025-04-19,9,2.1,False,,
FB001620,Tops,Mango,Fall,XS,Green,103.4,18.2,84.58,2025-07-03,37,4.6,False,,
FB001621,Accessories,H&M,Spring,XL,Blue,26.16,16.0,21.97,2025-12-04,31,4.4,False,,
FB001622,Bottoms,Forever21,Fall,XL,White,135.2,23.5,103.43,2024-11-22,43,4.0,False,,
FB001623,Shoes,H&M,Winter,XXL,Green,118.85,30.9,82.13,2025-03-14,40,4.6,False,,
FB001624,Accessories,Gap,Winter,XXL,Green,41.17,44.7,22.77,2025-06-14,25,3.2,False,,
FB001625,Bottoms,Zara,Spring,XS,Blue,94.87,0.0,94.87,2024-07-03,10,3.7,True,Size Issue,2024-07-25
FB001626,Bottoms,Banana Republic,Winter,XXL,Beige,73.92,30.8,51.15,2024-04-17,28,4.1,False,,
FB001627,Tops,Mango,Summer,XL,Beige,97.01,0.0,97.01,2024-05-22,36,4.1,False,,
FB001628,Tops,Gap,Summer,XL,Brown,73.43,24.7,55.29,2025-09-15,39,3.5,False,,
FB001629,Outerwear,Zara,Fall,S,Green,224.65,39.0,137.04,2024-08-23,44,4.7,False,,
FB001630,Outerwear,Forever21,Spring,XL,Pink,190.22,0.0,190.22,2024-12-11,38,3.4,False,,
FB001631,Outerwear,Banana Republic,Summer,M,Navy,156.82,11.9,138.16,2024-02-06,48,4.8,False,,
FB001632,Tops,Banana Republic,Spring,S,White,109.52,10.9,97.58,2025-07-06,12,4.5,False,,
FB001633,Dresses,Mango,Summer,XL,Gray,96.73,39.3,58.72,2025-10-04,4,4.4,False,,
FB001634,Tops,Gap,Winter,L,Purple,34.99,18.7,28.45,2025-05-24,32,2.5,False,,
FB001635,Bottoms,Mango,Spring,XL,Brown,53.54,40.8,31.7,2025-06-28,41,3.3,True,Size Issue,2025-07-11
FB001636,Dresses,Mango,Fall,M,Green,168.24,53.3,78.57,2025-02-03,23,3.2,True,Size Issue,2025-02-25
FB001637,Tops,Zara,Summer,XXL,Black,36.79,43.5,20.79,2024-12-16,47,3.6,False,,
FB001638,Shoes,Uniqlo,Fall,XL,Blue,113.71,7.1,105.64,2024-10-28,39,4.1,False,,
FB001639,Bottoms,Mango,Spring,L,White,133.96,0.0,133.96,2024-04-15,36,3.1,False,,
FB001640,Bottoms,Uniqlo,Summer,XXL,Beige,139.92,0.0,139.92,2024-12-11,48,3.0,False,,
FB001641,Tops,Mango,Spring,L,Red,116.86,0.0,116.86,2024-08-14,37,3.6,False,,
FB001642,Bottoms,Ann Taylor,Spring,XS,White,133.25,42.1,77.15,2025-02-04,45,3.3,True,Size Issue,2025-02-25
FB001643,Tops,Uniqlo,Winter,XL,Navy,21.56,0.0,21.56,2025-11-27,31,4.0,False,,
FB001644,Shoes,H&M,Summer,S,Pink,140.5,0.0,140.5,2025-06-08,43,2.0,False,,
FB001645,Accessories,Banana Republic,Winter,XL,Gray,25.71,0.0,25.71,2024-12-07,45,4.2,False,,
FB001646,Shoes,Zara,Summer,M,White,103.12,0.0,103.12,2025-04-09,18,4.2,True,Changed Mind,2025-04-16
FB001647,Accessories,H&M,Fall,M,Brown,72.6,29.5,51.18,2024-04-09,33,3.7,False,,
FB001648,Tops,Gap,Spring,XS,Green,115.98,0.0,115.98,2025-12-14,9,4.2,False,,
FB001649,Accessories,Uniqlo,Summer,XS,Navy,26.53,12.9,23.11,2025-12-13,7,4.4,False,,
FB001650,Tops,Zara,Fall,L,Green,47.17,0.0,47.17,2025-06-23,32,4.3,False,,
FB001651,Shoes,Forever21,Fall,S,Navy,129.19,55.5,57.49,2024-02-29,26,4.5,False,,
FB001652,Outerwear,Forever21,Winter,XL,Gray,127.52,42.8,72.94,2024-12-11,45,3.9,False,,
FB001653,Dresses,Uniqlo,Spring,XXL,Brown,121.73,18.0,99.82,2025-12-30,50,3.8,False,,
FB001654,Shoes,Mango,Fall,M,Brown,185.68,56.2,81.33,2024-12-06,27,3.3,True,Color Mismatch,2024-12-07
FB001655,Accessories,Zara,Fall,M,Navy,56.55,18.2,46.26,2024-08-30,4,1.9,True,Wrong Item,2024-09-28
FB001656,Accessories,Ann Taylor,Spring,XS,White,15.36,0.0,15.36,2025-06-18,2,4.6,False,,
FB001657,Dresses,Forever21,Fall,XXL,Black,98.26,0.0,98.26,2025-06-21,33,3.4,False,,
FB001658,Tops,Gap,Fall,L,White,62.31,55.8,27.54,2024-10-26,46,4.5,False,,
FB001659,Bottoms,Zara,Fall,M,Purple,148.17,38.4,91.27,2024-08-02,18,3.6,False,,
FB001660,Accessories,H&M,Fall,XXL,Purple,67.5,0.0,67.5,2024-07-13,8,4.5,False,,
FB001661,Bottoms,H&M,Fall,XXL,Green,105.23,5.9,99.02,2024-01-09,47,3.5,False,,
FB001662,Outerwear,H&M,Winter,M,Gray,107.23,29.3,75.81,2025-06-29,1,4.2,True,Wrong Item,2025-07-12
FB001663,Outerwear,Banana Republic,Winter,S,Red,232.97,9.8,210.14,2025-01-06,47,3.8,False,,
FB001664,Shoes,Gap,Fall,L,Red,178.04,46.5,95.25,2024-04-02,39,3.6,False,,
FB001665,Dresses,Gap,Winter,XXL,Purple,90.99,0.0,90.99,2025-07-16,3,3.5,False,,
FB001666,Dresses,Gap,Summer,XXL,Gray,79.84,8.2,73.29,2024-08-10,28,3.2,False,,
FB001667,Dresses,Mango,Summer,M,Red,79.33,13.5,68.62,2024-08-07,39,3.9,False,,
FB001668,Bottoms,Banana Republic,Winter,M,Beige,132.46,0.0,132.46,2024-08-29,19,4.2,False,,
FB001669,Bottoms,H&M,Fall,M,Beige,73.64,55.8,32.55,2024-07-27,34,4.8,False,,
FB001670,Shoes,Uniqlo,Winter,XS,Gray,155.97,16.2,130.7,2024-08-12,31,3.4,True,Size Issue,2024-08-20
FB001671,Accessories,Ann Taylor,Spring,M,Brown,67.7,32.2,45.9,2024-04-29,46,3.0,True,Wrong Item,2024-05-19
FB001672,Outerwear,Gap,Summer,S,Brown,109.64,0.0,109.64,2024-12-05,3,2.6,True,Color Mismatch,2024-12-20
FB001673,Outerwear,Gap,Summer,S,Gray,200.35,22.8,154.67,2025-06-15,35,3.0,True,Quality Issue,2025-06-16
FB001674,Dresses,Banana Republic,Fall,M,Blue,173.96,21.1,137.25,2024-06-26,12,3.8,True,Size Issue,2024-07-05
FB001675,Outerwear,Gap,Winter,XL,Purple,166.01,10.2,149.08,2025-12-10,13,3.7,False,,
FB001676,Dresses,Ann Taylor,Spring,S,White,158.36,5.9,149.02,2024-02-11,48,4.1,False,,
FB001677,Shoes,Uniqlo,Fall,L,Beige,53.12,16.9,44.14,2024-04-22,20,3.1,False,,
FB001678,Shoes,Mango,Fall,XXL,Brown,183.77,40.5,109.34,2025-10-20,9,4.1,False,,
FB001679,Dresses,Ann Taylor,Summer,XS,Pink,83.8,0.0,83.8,2025-06-07,47,4.1,True,Changed Mind,2025-06-14
FB001680,Accessories,Forever21,Winter,XS,White,59.64,14.1,51.23,2024-05-28,7,3.3,False,,
FB001681,Dresses,Mango,Fall,XS,White,76.76,58.5,31.86,2025-02-23,29,3.4,True,Changed Mind,2025-02-25
FB001682,Accessories,Banana Republic,Summer,XS,Blue,41.18,0.0,41.18,2024-02-12,11,2.2,True,Damaged,2024-02-27
FB001683,Bottoms,Ann Taylor,Winter,S,White,141.06,24.3,106.78,2025-08-08,18,4.5,False,,
FB001684,Tops,Ann Taylor,Fall,XL,Green,86.03,18.2,70.37,2025-06-17,19,3.6,False,,
FB001685,Shoes,Mango,Summer,XS,Pink,43.63,10.9,38.87,2024-05-23,33,4.1,False,,
FB001686,Accessories,Ann Taylor,Fall,S,Brown,33.64,0.0,33.64,2024-07-17,37,3.6,False,,
FB001687,Shoes,Ann Taylor,Winter,XS,Beige,40.2,54.3,18.37,2025-09-02,36,4.0,True,Changed Mind,2025-09-21
FB001688,Tops,Zara,Summer,S,Gray,31.87,0.0,31.87,2025-01-02,27,4.4,False,,
FB001689,Outerwear,Ann Taylor,Winter,M,Red,116.04,0.0,116.04,2024-06-08,4,3.8,True,Wrong Item,2024-07-08
FB001690,Accessories,Forever21,Summer,M,Brown,25.53,0.0,25.53,2024-10-11,31,4.1,True,Color Mismatch,2024-10-31
FB001691,Accessories,Gap,Summer,L,Blue,71.03,0.0,71.03,2024-05-13,14,4.5,False,,
FB001692,Shoes,Banana Republic,Spring,M,Pink,192.47,0.0,192.47,2025-10-08,43,4.0,False,,
FB001693,Bottoms,Uniqlo,Summer,S,Green,44.96,18.6,36.6,2025-05-23,25,3.3,False,,
FB001694,Dresses,Gap,Spring,L,Pink,155.89,13.9,134.22,2024-12-22,49,3.0,False,,
FB001695,Tops,Mango,Fall,M,Gray,104.16,0.0,104.16,2025-04-17,16,3.7,False,,
FB001696,Accessories,Zara,Summer,XS,Purple,22.97,0.0,22.97,2025-02-26,47,3.1,False,,
FB001697,Accessories,Gap,Winter,M,Black,46.78,5.6,44.16,2025-06-13,0,4.2,False,,
FB001698,Dresses,Ann Taylor,Winter,XS,Red,150.77,42.2,87.15,2025-12-22,21,2.1,True,Quality Issue,2026-01-08
FB001699,Accessories,Forever21,Winter,XS,White,18.5,26.6,13.58,2024-10-21,3,3.3,True,Size Issue,2024-10-30
FB001700,Tops,Uniqlo,Fall,L,Red,31.42,0.0,31.42,2025-08-01,1,4.0,False,,
FB001701,Shoes,Ann Taylor,Winter,L,Blue,135.39,8.1,124.42,2024-01-06,35,3.9,False,,
FB001702,Dresses,H&M,Winter,S,Gray,206.73,37.8,128.59,2024-06-01,27,4.1,True,Color Mismatch,2024-06-04
FB001703,Outerwear,H&M,Fall,XXL,Gray,83.23,0.0,83.23,2025-02-16,17,2.7,True,Size Issue,2025-02-27
FB001704,Dresses,Zara,Summer,XS,Green,125.98,12.0,110.86,2024-02-08,16,4.1,True,Changed Mind,2024-02-27
FB001705,Bottoms,Banana Republic,Spring,XL,Green,67.81,34.2,44.62,2024-06-25,20,3.1,True,Color Mismatch,2024-07-15
FB001706,Outerwear,Zara,Spring,XXL,Brown,219.69,47.9,114.46,2025-06-25,38,4.2,False,,
FB001707,Dresses,H&M,Summer,S,Gray,150.35,36.3,95.77,2025-09-09,24,3.5,False,,
FB001708,Shoes,Banana Republic,Winter,L,Black,63.75,19.3,51.45,2025-05-06,31,3.4,False,,
FB001709,Bottoms,H&M,Fall,M,Blue,51.96,39.3,31.54,2025-08-28,42,3.8,False,,
FB001710,Outerwear,Banana Republic,Winter,XS,Black,200.95,43.3,113.94,2025-11-07,27,4.3,True,Size Issue,2025-11-09
FB001711,Outerwear,Gap,Fall,XS,Black,149.83,33.2,100.09,2024-01-29,42,3.5,False,,
FB001712,Dresses,Uniqlo,Summer,XL,Black,89.99,35.0,58.49,2025-06-09,36,2.7,False,,
FB001713,Outerwear,Gap,Fall,XS,Black,245.92,54.6,111.65,2025-05-30,34,3.9,False,,
FB001714,Shoes,Zara,Summer,XL,Blue,183.07,0.0,183.07,2024-06-13,8,3.7,False,,
FB001715,Tops,Ann Taylor,Fall,XL,Gray,117.25,19.0,94.97,2024-06-25,34,3.8,False,,
FB001716,Accessories,Uniqlo,Summer,L,Gray,35.81,36.6,22.7,2024-07-12,11,4.9,False,,
FB001717,Accessories,Uniqlo,Winter,XS,Beige,58.42,50.2,29.09,2025-11-21,31,4.1,False,,
FB001718,Shoes,Mango,Winter,XL,Purple,64.07,27.8,46.26,2025-05-03,42,4.2,False,,
FB001719,Accessories,Uniqlo,Summer,XL,Navy,29.91,0.0,29.91,2024-03-31,50,2.1,False,,
FB001720,Tops,Banana Republic,Spring,L,Green,69.44,8.7,63.4,2024-10-17,31,4.6,False,,
FB001721,Dresses,H&M,Spring,XXL,Blue,110.19,29.2,78.01,2025-11-17,42,3.4,False,,
FB001722,Bottoms,Uniqlo,Summer,XL,Blue,114.24,0.0,114.24,2025-01-20,39,4.3,False,,
FB001723,Bottoms,Uniqlo,Winter,XS,Pink,84.37,0.0,84.37,2025-03-30,4,3.3,True,Size Issue,2025-04-03
FB001724,Tops,Mango,Fall,M,Brown,96.0,28.1,69.02,2025-07-13,34,2.6,True,Color Mismatch,2025-08-01
FB001725,Bottoms,Uniqlo,Winter,XL,Purple,57.35,0.0,57.35,2024-05-20,27,3.6,False,,
FB001726,Tops,Gap,Fall,XL,Gray,80.19,0.0,80.19,2025-09-30,1,3.3,False,,
FB001727,Accessories,Uniqlo,Summer,S,Black,53.12,34.5,34.79,2025-11-08,22,3.5,False,,
FB001728,Outerwear,Mango,Fall,XXL,Blue,98.35,0.0,98.35,2025-02-21,46,4.0,False,,
FB001729,Shoes,Mango,Fall,XS,Pink,91.39,11.0,81.34,2025-12-18,49,4.6,True,Size Issue,2026-01-17
FB001730,Shoes,Uniqlo,Winter,S,Pink,59.93,0.0,59.93,2025-10-27,20,3.3,True,Quality Issue,2025-11-19
FB001731,Shoes,Uniqlo,Summer,XL,Blue,104.33,0.0,104.33,2025-05-10,48,4.5,False,,
FB001732,Dresses,Banana Republic,Fall,XXL,Pink,151.07,13.2,131.13,2025-07-13,2,4.8,False,,
FB001733,Dresses,Zara,Winter,L,Purple,74.73,0.0,74.73,2024-10-04,28,2.9,True,Size Issue,2024-10-30
FB001734,Bottoms,Ann Taylor,Fall,L,Beige,75.18,0.0,75.18,2025-09-23,27,3.2,False,,
FB001735,Outerwear,H&M,Winter,XXL,Brown,173.42,0.0,173.42,2025-01-25,32,4.1,False,,
FB001736,Dresses,Banana Republic,Spring,M,Brown,94.41,0.0,94.41,2024-02-20,42,3.9,True,Color Mismatch,2024-02-25
FB001737,Dresses,Mango,Summer,XXL,Gray,219.1,0.0,219.1,2025-12-12,24,4.4,True,Size Issue,2025-12-28
FB001738,Accessories,Forever21,Summer,S,Brown,49.96,36.2,31.87,2025-03-07,13,3.4,True,Wrong Item,2025-03-30
FB001739,Dresses,Mango,Summer,XL,Brown,94.18,5.8,88.72,2024-01-08,31,4.3,True,Color Mismatch,2024-01-29
FB001740,Dresses,Uniqlo,Fall,M,Purple,215.12,0.0,215.12,2024-10-27,3,4.4,False,,
FB001741,Tops,Uniqlo,Winter,L,Gray,61.05,0.0,61.05,2024-09-25,27,3.4,True,Changed Mind,2024-10-06
FB001742,Tops,Ann Taylor,Winter,L,Navy,73.75,0.0,73.75,2024-11-11,28,4.6,False,,
FB001743,Bottoms,H&M,Summer,L,Red,59.1,25.2,44.21,2025-01-25,25,3.4,False,,
FB001744,Dresses,Mango,Winter,M,Pink,59.21,10.0,53.29,2024-12-21,38,4.7,False,,
FB001745,Accessories,Zara,Winter,S,Red,22.7,0.0,22.7,2025-04-07,11,4.3,False,,
FB001746,Tops,Gap,Spring,L,Red,96.38,10.9,85.87,2024-03-21,6,4.8,False,,
FB001747,Dresses,Banana Republic,Summer,M,Purple,188.6,0.0,188.6,2025-10-16,33,4.3,False,,
FB001748,Accessories,Zara,Summer,XS,Gray,53.27,49.6,26.85,2025-07-26,31,3.1,True,Color Mismatch,2025-08-01
FB001749,Outerwear,Ann Taylor,Winter,XS,Pink,155.84,48.2,80.73,2024-06-17,16,4.9,False,,
FB001750,Tops,Banana Republic,Fall,XXL,Black,111.95,0.0,111.95,2024-09-14,33,4.3,False,,
FB001751,Tops,Ann Taylor,Fall,L,Navy,89.64,37.3,56.2,2024-02-19,34,4.6,False,,
FB001752,Shoes,Mango,Spring,M,Purple,67.97,0.0,67.97,2025-07-24,42,2.9,False,,
FB001753,Bottoms,Ann Taylor,Spring,M,Pink,35.66,28.6,25.46,2025-10-30,19,2.9,False,,
FB001754,Dresses,Gap,Spring,XXL,Red,197.88,21.5,155.34,2024-07-17,8,4.2,True,Changed Mind,2024-08-01
FB001755,Shoes,Gap,Summer,L,Gray,184.19,8.1,169.27,2024-10-27,42,2.4,False,,
FB001756,Dresses,Mango,Winter,S,Green,82.58,30.8,57.15,2024-06-22,43,4.2,False,,
FB001757,Tops,Ann Taylor,Summer,XXL,Purple,26.08,32.1,17.71,2024-09-09,24,3.4,False,,
FB001758,Shoes,Ann Taylor,Fall,XS,Blue,137.42,24.6,103.61,2025-07-12,46,4.3,False,,
FB001759,Bottoms,Uniqlo,Fall,M,White,135.73,0.0,135.73,2025-10-11,44,4.0,False,,
FB001760,Outerwear,Banana Republic,Winter,L,Gray,165.88,6.0,155.93,2024-12-19,27,4.1,False,,
FB001761,Shoes,Uniqlo,Spring,XXL,Navy,81.86,17.4,67.62,2025-07-01,13,2.9,False,,
FB001762,Dresses,Banana Republic,Winter,XL,Brown,86.97,31.0,60.01,2025-10-19,0,4.8,False,,
FB001763,Dresses,Ann Taylor,Fall,XXL,Brown,70.97,19.4,57.2,2025-11-07,32,4.8,False,,
FB001764,Outerwear,Forever21,Winter,XL,Purple,167.46,0.0,167.46,2025-12-08,48,3.6,False,,
FB001765,Shoes,Ann Taylor,Winter,XL,Red,174.0,0.0,174.0,2025-11-28,28,4.3,True,Wrong Item,2025-12-06
FB001766,Accessories,Banana Republic,Winter,XXL,Pink,26.38,0.0,26.38,2025-07-24,13,2.9,False,,
FB001767,Outerwear,Gap,Fall,XL,White,120.51,23.0,92.79,2025-10-23,7,4.0,False,,
FB001768,Tops,Zara,Winter,S,Brown,41.01,0.0,41.01,2024-02-20,32,3.8,False,,
FB001769,Outerwear,H&M,Fall,S,Black,87.61,0.0,87.61,2024-08-23,11,2.8,True,Size Issue,2024-08-24
FB001770,Accessories,Forever21,Winter,L,Blue,22.45,50.2,11.18,2025-09-03,40,3.7,False,,
FB001771,Outerwear,Gap,Winter,XS,Green,173.12,23.8,131.92,2024-04-05,24,3.9,True,Color Mismatch,2024-04-13
FB001772,Outerwear,Uniqlo,Spring,XXL,White,189.0,0.0,189.0,2024-02-18,32,3.3,False,,
FB001773,Shoes,Forever21,Fall,S,Navy,89.49,51.8,43.13,2024-04-10,43,3.7,True,Changed Mind,2024-05-05
FB001774,Accessories,Gap,Winter,S,Green,39.05,38.9,23.86,2025-08-25,47,4.6,False,,
FB001775,Accessories,Ann Taylor,Summer,XXL,Green,43.33,53.4,20.19,2024-10-02,27,4.5,True,Size Issue,2024-10-23
FB001776,Tops,Ann Taylor,Spring,XS,Black,90.41,58.9,37.16,2024-01-02,18,3.5,False,,
FB001777,Outerwear,Ann Taylor,Summer,L,Brown,219.05,45.4,119.6,2025-04-25,39,3.7,True,Size Issue,2025-05-07
FB001778,Outerwear,H&M,Winter,L,Purple,114.39,10.7,102.15,2025-08-04,46,4.1,False,,
FB001779,Tops,Mango,Winter,XL,Gray,98.49,13.1,85.59,2025-07-22,35,4.4,False,,
FB001780,Dresses,Banana Republic,Winter,XL,Beige,162.27,14.2,139.23,2024-02-01,23,4.2,False,,
FB001781,Outerwear,Forever21,Fall,M,Gray,223.46,18.5,182.12,2025-12-10,1,4.3,False,,
FB001782,Bottoms,Zara,Summer,S,Blue,135.74,27.2,98.82,2025-06-18,40,3.4,False,,
FB001783,Bottoms,Forever21,Summer,M,Black,96.4,0.0,96.4,2025-01-12,36,4.5,False,,
FB001784,Accessories,Gap,Spring,M,Purple,35.43,49.2,18.0,2024-10-24,29,4.9,False,,
FB001785,Dresses,Mango,Winter,M,Blue,152.36,21.9,118.99,2025-10-22,43,4.2,False,,
FB001786,Shoes,Banana Republic,Winter,S,Blue,82.6,0.0,82.6,2025-05-03,38,3.8,False,,
FB001787,Outerwear,Banana Republic,Winter,XS,Pink,202.57,18.7,164.69,2025-07-20,6,2.7,True,Size Issue,2025-08-05
FB001788,Accessories,Ann Taylor,Winter,XL,Red,15.19,6.9,14.14,2025-05-23,23,3.9,False,,
FB001789,Dresses,Zara,Summer,XS,Beige,117.88,58.0,49.51,2024-10-08,26,2.5,False,,
FB001790,Tops,Mango,Fall,S,Pink,104.76,7.7,96.69,2025-07-27,10,3.9,False,,
FB001791,Dresses,Uniqlo,Summer,XS,Black,132.53,38.2,81.9,2024-07-06,33,2.7,True,Size Issue,2024-07-21
FB001792,Bottoms,Banana Republic,Fall,L,Black,76.74,58.5,31.85,2025-01-17,50,4.5,True,Changed Mind,2025-02-12
FB001793,Shoes,Zara,Summer,XS,Brown,99.49,0.0,99.49,2025-04-19,11,2.8,False,,
FB001794,Accessories,Banana Republic,Spring,S,Blue,20.26,54.9,9.14,2025-03-27,14,3.9,True,Size Issue,2025-04-03
FB001795,Accessories,Zara,Winter,XS,Blue,53.59,20.1,42.82,2024-09-19,30,4.1,False,,
FB001796,Dresses,Banana Republic,Spring,XL,Navy,168.85,0.0,168.85,2024-05-24,41,2.6,False,,
FB001797,Outerwear,Gap,Winter,XL,Purple,177.42,48.2,91.9,2025-09-01,8,3.7,True,Color Mismatch,2025-09-26
FB001798,Accessories,Forever21,Summer,XL,Purple,75.17,44.0,42.1,2025-07-05,19,4.9,True,Color Mismatch,2025-07-29
FB001799,Accessories,Zara,Spring,M,Green,24.99,33.3,16.67,2024-08-15,25,2.8,False,,
FB001800,Accessories,Gap,Spring,S,Navy,43.46,18.2,35.55,2024-12-11,15,3.3,False,,
FB001801,Bottoms,Forever21,Summer,L,Pink,147.48,16.2,123.59,2024-07-17,28,3.9,False,,
FB001802,Bottoms,Uniqlo,Spring,XL,Purple,53.43,0.0,53.43,2024-11-21,11,3.6,False,,
FB001803,Tops,Uniqlo,Winter,S,Purple,24.74,0.0,24.74,2025-03-30,28,4.7,False,,
FB001804,Dresses,Zara,Winter,M,Gray,155.38,10.5,139.07,2024-06-12,25,4.4,True,Quality Issue,2024-07-06
FB001805,Accessories,Zara,Spring,M,Black,17.76,9.6,16.06,2025-11-13,1,4.1,False,,
FB001806,Accessories,H&M,Summer,XS,Black,45.08,10.8,40.21,2025-12-04,38,2.5,True,Size Issue,2025-12-14
FB001807,Dresses,Gap,Winter,XS,Beige,169.46,0.0,169.46,2025-02-19,1,3.8,False,,
FB001808,Shoes,H&M,Spring,M,Black,149.21,57.9,62.82,2024-05-18,42,4.3,True,Color Mismatch,2024-06-13
FB001809,Outerwear,Ann Taylor,Summer,XS,Red,226.19,34.0,149.29,2024-03-21,3,3.9,True,Size Issue,2024-04-18
FB001810,Dresses,Mango,Spring,XXL,Beige,166.69,0.0,166.69,2025-09-24,40,3.3,True,Size Issue,2025-09-26
FB001811,Tops,Banana Republic,Winter,XXL,White,104.45,13.3,90.56,2025-12-26,22,3.8,False,,
FB001812,Dresses,Ann Taylor,Summer,S,Beige,177.67,0.0,177.67,2025-02-06,0,3.9,False,,
FB001813,Dresses,H&M,Spring,XXL,Green,84.55,42.4,48.7,2024-12-22,17,3.1,True,Size Issue,2024-12-29
FB001814,Tops,Zara,Spring,XS,Black,74.28,18.6,60.46,2025-10-31,14,4.4,False,,
FB001815,Outerwear,Mango,Spring,M,White,234.58,26.8,171.71,2025-01-05,2,3.2,True,Size Issue,2025-01-07
FB001816,Tops,Gap,Summer,XXL,Green,59.78,18.7,48.6,2024-03-01,35,3.8,True,Size Issue,2024-03-16
FB001817,Tops,Uniqlo,Summer,XXL,White,119.61,15.4,101.19,2024-08-11,8,3.2,False,,
FB001818,Outerwear,Uniqlo,Spring,XL,Navy,226.52,0.0,226.52,2025-05-17,25,4.6,False,,
FB001819,Bottoms,Ann Taylor,Spring,XS,White,49.28,0.0,49.28,2024-03-15,0,3.2,False,,
FB001820,Tops,Ann Taylor,Spring,S,Blue,38.36,0.0,38.36,2024-09-17,34,3.0,True,Size Issue,2024-10-08
FB001821,Bottoms,Mango,Fall,S,Pink,69.72,0.0,69.72,2024-02-02,0,3.5,False,,
FB001822,Dresses,Forever21,Summer,M,White,50.96,30.8,35.26,2025-06-06,26,3.3,True,Size Issue,2025-06-11
FB001823,Accessories,Banana Republic,Winter,L,Gray,29.3,0.0,29.3,2024-10-15,0,4.6,False,,
FB001824,Shoes,Gap,Spring,XL,Purple,166.39,9.8,150.08,2024-07-09,36,3.3,True,Color Mismatch,2024-08-02
FB001825,Outerwear,Forever21,Spring,S,Blue,87.89,44.8,48.52,2024-07-02,42,4.8,False,,
FB001826,Dresses,Mango,Winter,M,Navy,138.51,0.0,138.51,2025-04-19,29,3.7,False,,
FB001827,Dresses,Mango,Summer,L,Black,65.44,0.0,65.44,2024-08-19,10,4.3,False,,
FB001828,Outerwear,Zara,Fall,S,Blue,199.07,0.0,199.07,2025-09-14,41,3.4,False,,
FB001829,Bottoms,Banana Republic,Spring,XL,Black,92.67,54.5,42.16,2025-01-09,43,4.6,False,,
FB001830,Tops,Banana Republic,Summer,XL,Blue,41.14,13.3,35.67,2025-08-25,5,4.1,False,,
FB001831,Outerwear,Gap,Winter,S,Black,144.89,15.6,122.29,2024-12-13,48,3.3,False,,
FB001832,Tops,H&M,Summer,XL,Blue,80.87,0.0,80.87,2025-05-06,37,4.8,False,,
FB001833,Outerwear,Uniqlo,Spring,M,Green,191.75,42.8,109.68,2025-05-03,46,3.5,True,Changed Mind,2025-05-21
FB001834,Bottoms,Uniqlo,Fall,XXL,White,46.23,41.2,27.18,2024-10-11,5,3.6,True,Color Mismatch,2024-11-01
FB001835,Bottoms,Mango,Summer,XS,Blue,146.87,51.5,71.23,2024-07-19,45,4.2,False,,
FB001836,Dresses,Mango,Summer,S,Green,157.79,45.5,86.0,2025-12-13,45,3.4,True,Color Mismatch,2025-12-18
FB001837,Dresses,Gap,Winter,M,Red,168.23,0.0,168.23,2024-07-17,23,2.5,True,Quality Issue,2024-08-03
FB001838,Accessories,Forever21,Spring,XS,Blue,31.48,0.0,31.48,2024-02-28,43,4.8,False,,
FB001839,Outerwear,H&M,Winter,L,Gray,140.5,41.9,81.63,2024-08-17,34,3.2,True,Changed Mind,2024-08-18
FB001840,Dresses,Mango,Summer,L,Beige,200.19,34.8,130.52,2024-11-01,30,2.9,True,Color Mismatch,2024-11-03
FB001841,Bottoms,H&M,Summer,XS,Pink,59.75,50.8,29.4,2024-03-09,17,4.3,False,,
FB001842,Tops,Mango,Fall,XL,Black,100.15,0.0,100.15,2025-03-05,7,3.9,False,,
FB001843,Outerwear,Zara,Spring,L,Purple,230.42,48.4,118.9,2025-04-16,25,3.8,False,,
FB001844,Accessories,Forever21,Fall,XXL,Blue,75.44,0.0,75.44,2025-02-07,32,4.1,False,,
FB001845,Accessories,Uniqlo,Spring,M,Pink,57.64,11.5,51.01,2025-12-02,12,4.6,False,,
FB001846,Bottoms,H&M,Winter,M,Green,66.28,7.5,61.31,2024-05-12,12,4.2,False,,
FB001847,Tops,Mango,Winter,XS,Black,49.55,0.0,49.55,2025-02-24,13,2.6,False,,
FB001848,Dresses,Ann Taylor,Spring,M,Beige,75.72,37.0,47.7,2024-02-10,40,2.4,True,Quality Issue,2024-03-01
FB001849,Dresses,Banana Republic,Winter,S,Beige,90.82,0.0,90.82,2024-03-27,45,4.5,False,,
FB001850,Outerwear,Forever21,Spring,S,White,175.15,37.7,109.12,2024-10-15,46,5.0,False,,
FB001851,Bottoms,Ann Taylor,Summer,M,Purple,58.3,0.0,58.3,2024-02-05,12,4.3,False,,
FB001852,Bottoms,Banana Republic,Summer,XXL,Navy,131.8,11.1,117.17,2024-09-30,23,3.7,False,,
FB001853,Tops,Forever21,Spring,L,Navy,99.61,15.7,83.97,2024-10-01,46,4.0,False,,
FB001854,Dresses,Ann Taylor,Fall,M,White,124.22,19.9,99.5,2025-02-06,17,3.8,False,,
FB001855,Dresses,Forever21,Summer,L,White,204.01,0.0,204.01,2024-12-17,11,4.1,True,Size Issue,2025-01-04
FB001856,Dresses,Zara,Spring,XL,Pink,136.37,23.7,104.05,2025-09-02,25,4.2,True,Changed Mind,2025-09-21
FB001857,Tops,Forever21,Spring,L,Red,31.28,40.3,18.67,2024-05-19,17,3.9,True,Size Issue,2024-06-07
FB001858,Accessories,Uniqlo,Fall,L,Black,75.65,0.0,75.65,2024-09-28,42,3.7,False,,
FB001859,Outerwear,H&M,Fall,S,Blue,218.82,0.0,218.82,2024-11-12,20,4.5,True,Size Issue,2024-11-27
FB001860,Outerwear,Forever21,Fall,XXL,Gray,118.42,53.6,54.95,2024-01-31,1,3.6,False,,
FB001861,Dresses,Banana Republic,Winter,XL,Navy,206.36,0.0,206.36,2024-03-22,7,3.7,False,,
FB001862,Outerwear,Gap,Summer,XL,Pink,134.12,0.0,134.12,2024-10-13,42,4.4,False,,
FB001863,Bottoms,Forever21,Winter,M,Pink,131.3,33.6,87.18,2024-04-25,3,4.5,False,,
FB001864,Dresses,Mango,Summer,XXL,Purple,119.86,0.0,119.86,2024-05-31,47,4.5,True,Size Issue,2024-06-15
FB001865,Bottoms,Forever21,Winter,XXL,Navy,78.81,0.0,78.81,2024-04-24,0,4.2,False,,
FB001866,Accessories,Zara,Spring,S,Gray,75.61,0.0,75.61,2024-11-29,23,4.3,False,,
FB001867,Dresses,Zara,Summer,XS,Red,132.25,34.6,86.49,2024-11-12,4,3.5,True,Size Issue,2024-12-10
FB001868,Bottoms,Banana Republic,Winter,XS,Brown,66.13,53.8,30.55,2024-08-10,7,3.0,False,,
FB001869,Outerwear,Banana Republic,Winter,S,Green,113.74,0.0,113.74,2024-12-20,39,2.4,True,Quality Issue,2025-01-14
FB001870,Tops,Mango,Summer,XL,Beige,38.65,37.1,24.31,2024-09-09,50,4.4,False,,
FB001871,Dresses,Ann Taylor,Spring,XXL,Beige,86.25,0.0,86.25,2024-06-03,10,4.0,False,,
FB001872,Tops,H&M,Fall,XL,Brown,80.79,0.0,80.79,2025-04-30,23,3.4,False,,
FB001873,Bottoms,Ann Taylor,Fall,S,White,80.79,0.0,80.79,2024-02-05,22,4.2,False,,
FB001874,Accessories,Zara,Winter,XS,Purple,27.18,16.8,22.61,2025-06-01,7,3.2,False,,
FB001875,Bottoms,Forever21,Summer,XS,Green,88.97,0.0,88.97,2024-12-28,6,4.6,False,,
FB001876,Outerwear,H&M,Fall,XXL,Black,243.82,16.9,202.61,2025-03-21,40,1.8,False,,
FB001877,Shoes,Uniqlo,Winter,L,White,91.89,22.6,71.12,2024-08-09,13,3.5,False,,
FB001878,Bottoms,Mango,Fall,XXL,Purple,32.03,0.0,32.03,2024-10-26,38,4.9,False,,
FB001879,Bottoms,Ann Taylor,Fall,XXL,Beige,148.9,7.8,137.29,2024-12-28,46,3.1,False,,
FB001880,Tops,Mango,Spring,S,Navy,85.61,44.8,47.26,2025-05-05,40,4.9,False,,
FB001881,Bottoms,Banana Republic,Summer,XL,Green,62.59,29.8,43.94,2024-08-29,6,2.8,True,Damaged,2024-09-09
FB001882,Bottoms,Uniqlo,Summer,XXL,Purple,68.88,0.0,68.88,2024-03-14,42,3.4,True,Size Issue,2024-03-27
FB001883,Dresses,Zara,Spring,XXL,Blue,88.97,29.5,62.72,2025-01-30,23,3.5,True,Changed Mind,2025-02-25
FB001884,Tops,Zara,Spring,M,Pink,76.87,38.7,47.12,2024-03-09,42,4.4,False,,
FB001885,Tops,Uniqlo,Summer,XS,Brown,96.64,26.6,70.93,2024-01-18,17,3.7,False,,
FB001886,Dresses,Banana Republic,Winter,XL,White,150.46,12.4,131.8,2024-03-02,11,2.7,False,,
FB001887,Accessories,Mango,Summer,M,Red,43.25,0.0,43.25,2024-03-13,0,4.7,False,,
FB001888,Dresses,Gap,Summer,S,Beige,65.27,0.0,65.27,2025-08-08,12,4.2,True,Damaged,2025-08-22
FB001889,Outerwear,Forever21,Winter,XL,Brown,190.04,13.5,164.38,2025-04-30,33,4.1,True,Quality Issue,2025-05-14
FB001890,Tops,Gap,Fall,XS,Brown,118.51,0.0,118.51,2025-10-29,28,4.0,False,,
FB001891,Accessories,Gap,Spring,XXL,Brown,77.65,12.1,68.25,2025-03-06,34,4.5,False,,
FB001892,Dresses,H&M,Spring,S,Black,152.45,10.7,136.14,2024-07-11,19,2.1,True,Damaged,2024-08-04
FB001893,Outerwear,Ann Taylor,Fall,S,Black,104.6,0.0,104.6,2024-03-11,37,4.1,False,,
FB001894,Accessories,Ann Taylor,Winter,L,Pink,79.56,11.8,70.17,2025-05-06,18,4.6,False,,
FB001895,Accessories,Zara,Fall,L,Purple,45.18,0.0,45.18,2025-11-12,34,3.7,False,,
FB001896,Tops,Forever21,Spring,XL,Gray,79.31,57.7,33.55,2025-03-05,5,3.4,False,,
FB001897,Tops,Ann Taylor,Winter,XXL,Green,45.69,0.0,45.69,2025-02-20,1,3.9,False,,
FB001898,Shoes,H&M,Winter,S,Green,134.22,9.1,122.01,2025-09-23,27,2.7,True,Wrong Item,2025-10-08
FB001899,Accessories,Banana Republic,Spring,S,Brown,60.24,0.0,60.24,2024-02-20,13,3.3,False,,
FB001900,Outerwear,Gap,Summer,S,Navy,139.46,0.0,139.46,2025-04-18,10,4.8,False,,
FB001901,Bottoms,Forever21,Spring,S,Black,132.4,18.7,107.64,2025-07-27,39,4.0,False,,
FB001902,Shoes,Forever21,Spring,M,Blue,145.19,0.0,145.19,2024-09-25,21,3.0,False,,
FB001903,Shoes,H&M,Spring,XXL,Pink,165.69,26.1,122.44,2025-02-09,7,3.1,False,,
FB001904,Outerwear,H&M,Fall,XXL,Pink,126.88,8.4,116.22,2025-02-23,17,4.3,True,Size Issue,2025-03-17
FB001905,Dresses,Mango,Fall,S,Green,150.86,6.9,140.45,2025-05-03,46,4.6,False,,
FB001906,Bottoms,Uniqlo,Summer,S,Red,42.43,0.0,42.43,2025-08-07,48,3.7,False,,
FB001907,Accessories,Mango,Summer,L,Green,46.13,0.0,46.13,2024-12-22,33,4.0,False,,
FB001908,Dresses,Forever21,Spring,M,Gray,186.06,0.0,186.06,2024-05-08,49,4.3,True,Size Issue,2024-05-10
FB001909,Shoes,Uniqlo,Winter,M,Blue,188.62,0.0,188.62,2024-08-16,39,4.7,False,,
FB001910,Accessories,Mango,Spring,XS,Red,65.62,0.0,65.62,2024-12-07,29,4.0,False,,
FB001911,Shoes,Forever21,Fall,M,Brown,93.98,29.4,66.35,2025-07-22,0,4.9,False,,
FB001912,Accessories,H&M,Summer,M,Navy,50.92,0.0,50.92,2024-12-01,44,4.5,False,,
FB001913,Bottoms,Banana Republic,Summer,S,Purple,96.09,0.0,96.09,2024-10-30,13,2.8,False,,
FB001914,Bottoms,Forever21,Fall,XXL,Red,34.02,0.0,34.02,2025-04-13,19,4.2,False,,
FB001915,Shoes,Forever21,Fall,XXL,Black,42.99,0.0,42.99,2025-08-16,28,4.5,False,,
FB001916,Dresses,Forever21,Summer,XS,Purple,184.55,53.0,86.74,2025-12-25,45,4.1,False,,
FB001917,Outerwear,Uniqlo,Winter,XL,Green,106.01,21.8,82.9,2025-05-13,42,3.8,False,,
FB001918,Shoes,Banana Republic,Winter,M,White,198.97,0.0,198.97,2024-02-29,20,2.3,True,Damaged,2024-03-26
FB001919,Shoes,Zara,Fall,S,Purple,137.52,0.0,137.52,2024-12-12,25,3.7,True,Changed Mind,2025-01-05
FB001920,Bottoms,H&M,Fall,S,Purple,149.28,8.5,136.59,2024-01-17,8,3.6,True,Wrong Item,2024-02-05
FB001921,Accessories,H&M,Fall,XS,White,16.43,0.0,16.43,2025-04-24,26,4.0,False,,
FB001922,Dresses,Banana Republic,Winter,L,Navy,208.58,0.0,208.58,2024-05-25,27,3.7,False,,
FB001923,Outerwear,Ann Taylor,Spring,S,Green,109.51,8.2,100.53,2024-06-26,5,4.3,False,,
FB001924,Dresses,Uniqlo,Winter,S,White,54.94,0.0,54.94,2024-05-14,50,2.5,True,Color Mismatch,2024-05-24
FB001925,Tops,Banana Republic,Summer,XS,Gray,91.77,53.2,42.95,2024-10-26,8,4.9,True,Size Issue,2024-11-10
FB001926,Dresses,Forever21,Spring,XXL,Purple,128.64,22.0,100.34,2025-10-19,30,4.4,False,,
FB001927,Tops,Ann Taylor,Spring,L,Black,82.23,38.7,50.41,2024-09-27,11,4.8,False,,
FB001928,Shoes,H&M,Winter,S,Beige,115.07,0.0,115.07,2024-03-06,32,3.6,True,Changed Mind,2024-03-26
FB001929,Accessories,Ann Taylor,Winter,L,Purple,33.31,0.0,33.31,2024-05-30,32,4.4,False,,
FB001930,Tops,H&M,Fall,L,Brown,96.94,0.0,96.94,2024-04-12,11,4.2,False,,
FB001931,Accessories,Zara,Summer,XL,Gray,77.79,0.0,77.79,2024-12-20,44,3.7,False,,
FB001932,Outerwear,Forever21,Summer,XXL,Black,157.25,0.0,157.25,2024-10-25,31,3.4,False,,
FB001933,Dresses,H&M,Fall,M,Black,149.92,8.8,136.73,2024-07-01,22,3.5,False,,
FB001934,Dresses,Banana Republic,Winter,XS,Red,79.84,58.9,32.81,2024-09-17,47,3.9,True,Size Issue,2024-09-23
FB001935,Bottoms,Zara,Spring,M,Red,47.32,10.7,42.26,2025-12-02,20,3.5,False,,
FB001936,Outerwear,Forever21,Fall,S,Green,197.7,24.0,150.25,2024-10-28,18,4.9,True,Size Issue,2024-11-07
FB001937,Outerwear,Gap,Spring,XS,Pink,158.99,20.2,126.87,2025-09-20,23,4.3,False,,
FB001938,Outerwear,Ann Taylor,Summer,XL,Navy,112.21,29.9,78.66,2025-12-19,39,2.1,False,,
FB001939,Tops,Forever21,Fall,S,Brown,94.11,9.0,85.64,2025-05-24,28,3.6,False,,
FB001940,Bottoms,Mango,Spring,XL,Red,32.1,0.0,32.1,2024-12-23,25,3.9,False,,
FB001941,Bottoms,Mango,Summer,XXL,Navy,98.72,43.0,56.27,2024-04-29,18,3.7,True,Color Mismatch,2024-05-29
FB001942,Tops,H&M,Summer,S,Brown,51.77,34.0,34.17,2024-08-26,25,3.8,False,,
FB001943,Tops,Mango,Winter,S,Brown,92.27,39.1,56.19,2025-03-17,2,2.9,False,,
FB001944,Shoes,Uniqlo,Summer,XXL,Beige,128.2,0.0,128.2,2024-04-19,13,4.2,True,Size Issue,2024-05-17
FB001945,Accessories,Zara,Spring,XL,Purple,70.36,0.0,70.36,2024-03-06,10,4.1,False,,
FB001946,Accessories,Mango,Fall,XS,Red,65.84,9.4,59.65,2024-04-25,42,3.3,False,,
FB001947,Outerwear,Mango,Winter,XL,Blue,171.08,46.0,92.38,2024-04-16,0,4.3,False,,
FB001948,Accessories,Ann Taylor,Spring,XL,Purple,18.8,0.0,18.8,2024-05-16,19,3.8,False,,
FB001949,Dresses,Zara,Summer,L,Red,146.9,19.0,118.99,2025-10-15,28,4.4,False,,
FB001950,Bottoms,Ann Taylor,Spring,XXL,Blue,106.54,0.0,106.54,2024-11-14,25,2.7,False,,
FB001951,Accessories,Forever21,Fall,S,Pink,57.8,0.0,57.8,2025-03-22,9,4.8,False,,
FB001952,Bottoms,Banana Republic,Fall,S,Green,66.68,0.0,66.68,2024-06-16,18,3.0,False,,
FB001953,Outerwear,H&M,Summer,M,Gray,239.4,51.4,116.35,2024-04-24,44,3.5,True,Color Mismatch,2024-05-09
FB001954,Bottoms,Forever21,Spring,XL,Purple,41.58,0.0,41.58,2024-07-22,44,3.2,True,Color Mismatch,2024-07-23
FB001955,Accessories,H&M,Winter,L,Blue,16.36,23.4,12.53,2024-03-04,0,3.3,True,Quality Issue,2024-03-28
FB001956,Bottoms,Ann Taylor,Fall,XL,Blue,52.63,0.0,52.63,2025-10-08,20,4.0,True,Quality Issue,2025-10-17
FB001957,Bottoms,H&M,Summer,M,Purple,112.69,56.8,48.68,2024-06-24,39,2.0,True,Damaged,2024-07-14
FB001958,Accessories,Zara,Winter,L,Purple,60.34,0.0,60.34,2025-03-22,29,4.5,False,,
FB001959,Bottoms,Mango,Fall,XL,Brown,137.15,37.7,85.44,2024-08-07,13,4.2,False,,
FB001960,Tops,Banana Republic,Spring,XXL,Black,108.33,58.3,45.17,2025-02-16,48,3.1,True,Size Issue,2025-02-24
FB001961,Tops,Uniqlo,Summer,XS,Black,38.99,35.8,25.03,2024-08-19,12,3.0,False,,
FB001962,Bottoms,Banana Republic,Fall,M,Red,85.33,17.8,70.14,2025-05-03,33,4.0,False,,
FB001963,Dresses,Zara,Winter,L,Gray,115.56,28.4,82.74,2025-01-14,40,4.3,False,,
FB001964,Bottoms,Zara,Summer,XXL,Pink,59.68,0.0,59.68,2025-04-23,8,3.6,False,,
FB001965,Tops,Banana Republic,Winter,XL,Black,55.23,13.7,47.66,2025-10-20,34,3.4,True,Damaged,2025-10-30
FB001966,Shoes,Gap,Fall,XXL,Beige,42.66,34.6,27.9,2025-02-04,44,2.5,True,Changed Mind,2025-03-03
FB001967,Tops,Forever21,Fall,XL,Navy,77.47,0.0,77.47,2025-04-03,20,4.6,False,,
FB001968,Outerwear,Mango,Spring,M,White,182.4,32.6,122.94,2025-03-31,0,3.9,False,,
FB001969,Bottoms,Zara,Winter,M,Beige,87.02,28.2,62.48,2024-11-07,37,4.2,True,Wrong Item,2024-11-26
FB001970,Outerwear,Forever21,Winter,XS,Purple,80.65,29.1,57.18,2025-11-27,43,3.1,True,Size Issue,2025-12-19
FB001971,Outerwear,Uniqlo,Winter,M,Black,242.11,0.0,242.11,2025-05-31,38,3.4,False,,
FB001972,Accessories,Forever21,Winter,S,Pink,69.53,14.4,59.52,2025-02-12,13,4.7,False,,
FB001973,Outerwear,Banana Republic,Winter,M,Brown,170.73,0.0,170.73,2024-01-11,20,4.5,False,,
FB001974,Bottoms,Forever21,Summer,M,Red,44.19,40.6,26.25,2024-05-22,25,3.1,False,,
FB001975,Accessories,Forever21,Winter,M,Purple,54.12,0.0,54.12,2024-07-02,34,3.8,False,,
FB001976,Shoes,Ann Taylor,Summer,S,Green,129.01,13.3,111.85,2024-02-12,42,3.6,False,,
FB001977,Shoes,H&M,Winter,M,Black,128.53,18.0,105.39,2024-06-01,0,4.0,False,,
FB001978,Tops,Ann Taylor,Summer,XS,Green,41.29,34.4,27.09,2025-11-26,48,3.5,False,,
FB001979,Outerwear,Ann Taylor,Fall,XS,Navy,145.86,0.0,145.86,2025-08-01,16,2.9,True,Size Issue,2025-08-19
FB001980,Dresses,Uniqlo,Winter,L,Brown,58.8,38.3,36.28,2025-10-31,1,4.8,True,Wrong Item,2025-11-06
FB001981,Tops,Zara,Summer,XS,Beige,95.01,18.3,77.62,2024-02-18,7,3.8,True,Color Mismatch,2024-02-28
FB001982,Shoes,Mango,Summer,L,Gray,83.88,0.0,83.88,2025-07-26,27,4.6,False,,
FB001983,Tops,Ann Taylor,Fall,M,Green,57.78,22.5,44.78,2024-12-18,20,3.1,False,,
FB001984,Tops,Gap,Fall,M,Blue,96.81,0.0,96.81,2024-05-07,11,4.6,False,,
FB001985,Shoes,H&M,Fall,XXL,Beige,145.59,5.4,137.73,2024-11-10,31,4.1,False,,
FB001986,Tops,Uniqlo,Spring,XXL,Navy,57.24,0.0,57.24,2024-11-30,27,3.7,False,,
FB001987,Bottoms,H&M,Spring,XS,Gray,129.65,45.7,70.4,2024-12-22,46,4.2,True,Size Issue,2025-01-18
FB001988,Outerwear,Zara,Summer,XXL,White,147.05,38.9,89.85,2025-04-28,4,3.5,True,Changed Mind,2025-05-03
FB001989,Dresses,Gap,Winter,S,Blue,181.31,13.2,157.38,2025-09-24,15,4.7,False,,
FB001990,Shoes,Ann Taylor,Spring,S,Red,133.51,0.0,133.51,2024-12-20,43,4.2,True,Changed Mind,2024-12-24
FB001991,Tops,Banana Republic,Spring,L,Navy,81.49,5.8,76.76,2025-06-25,3,3.5,False,,
FB001992,Accessories,Ann Taylor,Spring,XL,Black,31.79,9.0,28.93,2025-01-09,14,3.9,False,,
FB001993,Shoes,Mango,Spring,L,Purple,157.09,45.9,84.99,2025-04-17,50,4.0,True,Size Issue,2025-05-10
FB001994,Outerwear,Gap,Fall,M,Pink,224.06,5.5,211.74,2025-05-15,14,3.8,False,,
FB001995,Accessories,H&M,Fall,XS,Purple,29.16,0.0,29.16,2024-03-11,50,4.8,False,,
FB001996,Bottoms,Mango,Winter,XS,Purple,86.93,7.6,80.32,2024-03-10,35,4.6,False,,
FB001997,Bottoms,Gap,Winter,S,Green,64.23,7.8,59.22,2024-03-05,43,4.8,False,,
FB001998,Accessories,Gap,Spring,L,Navy,69.06,0.0,69.06,2024-08-19,20,4.2,False,,
FB001999,Outerwear,Zara,Summer,XL,Brown,226.79,15.3,192.09,2024-10-26,12,3.9,True,Wrong Item,2024-11-11
FB002000,Accessories,Gap,Winter,XXL,Blue,75.68,11.0,67.36,2024-11-13,4,2.7,True,Color Mismatch,2024-11-18
FB002001,Outerwear,Uniqlo,Winter,XXL,Blue,124.54,41.1,73.35,2025-08-11,37,3.3,True,Size Issue,2025-08-13
FB002002,Accessories,Zara,Spring,L,White,52.53,8.5,48.06,2025-12-26,43,4.0,False,,
FB002003,Accessories,Banana Republic,Winter,XXL,Purple,33.88,0.0,33.88,2024-10-28,41,4.3,False,,
FB002004,Dresses,Uniqlo,Winter,XL,Navy,124.47,18.2,101.82,2025-05-17,49,3.6,False,,
FB002005,Dresses,Ann Taylor,Fall,XL,Black,193.24,0.0,193.24,2024-03-14,9,4.3,False,,
FB002006,Outerwear,Gap,Summer,S,Pink,169.9,0.0,169.9,2025-04-07,38,3.8,False,,
FB002007,Tops,Zara,Spring,XL,Purple,49.92,58.5,20.72,2024-09-29,6,3.7,False,,
FB002008,Bottoms,Forever21,Winter,S,Purple,149.39,42.1,86.5,2024-08-10,11,3.2,False,,
FB002009,Bottoms,Ann Taylor,Winter,XL,Black,123.04,14.1,105.69,2025-07-05,31,4.6,False,,
FB002010,Shoes,Zara,Summer,XXL,Brown,145.07,56.9,62.53,2025-10-07,36,3.7,False,,
FB002011,Accessories,Gap,Winter,XL,Green,39.08,0.0,39.08,2025-03-09,27,4.0,False,,
FB002012,Bottoms,Ann Taylor,Summer,XXL,Beige,67.57,16.3,56.56,2025-04-20,48,3.1,False,,
FB002013,Accessories,Ann Taylor,Fall,S,Beige,40.65,22.4,31.54,2024-09-03,36,3.9,False,,
FB002014,Accessories,Zara,Fall,XL,Red,70.43,46.1,37.96,2024-11-18,41,3.0,True,Changed Mind,2024-12-02
FB002015,Accessories,Zara,Spring,XL,Black,70.61,20.9,55.85,2024-03-03,20,4.5,False,,
FB002016,Shoes,H&M,Winter,S,Blue,51.15,0.0,51.15,2025-06-27,44,4.4,False,,
FB002017,Tops,Forever21,Fall,L,Black,41.7,0.0,41.7,2025-09-05,46,3.4,False,,
FB002018,Bottoms,H&M,Spring,S,Brown,37.24,0.0,37.24,2025-07-11,21,3.3,False,,
FB002019,Tops,Banana Republic,Spring,XXL,Pink,65.04,0.0,65.04,2024-12-08,41,5.0,False,,
FB002020,Tops,H&M,Winter,XL,Red,55.71,22.3,43.29,2024-10-24,24,3.6,False,,
FB002021,Dresses,Zara,Fall,XL,White,130.16,0.0,130.16,2024-06-11,1,4.2,False,,
FB002022,Tops,Forever21,Winter,XS,Navy,111.41,0.0,111.41,2024-03-25,33,4.5,False,,
FB002023,Shoes,Uniqlo,Summer,XXL,Beige,105.95,0.0,105.95,2025-09-30,6,3.5,False,,
FB002024,Tops,Ann Taylor,Fall,M,Purple,107.22,9.5,97.03,2024-02-13,16,4.7,False,,
FB002025,Accessories,Zara,Fall,XXL,Purple,50.55,0.0,50.55,2024-01-09,13,3.4,True,Size Issue,2024-01-16
FB002026,Tops,Mango,Summer,M,Beige,45.92,0.0,45.92,2025-06-25,7,3.7,False,,
FB002027,Bottoms,Ann Taylor,Fall,XS,Brown,79.41,28.4,56.86,2024-09-23,25,4.0,False,,
FB002028,Dresses,Zara,Fall,S,Purple,141.22,58.8,58.18,2025-04-10,32,3.6,False,,
FB002029,Shoes,Ann Taylor,Summer,XXL,White,172.99,30.8,119.71,2024-05-19,29,4.7,False,,
FB002030,Accessories,Gap,Spring,S,Green,56.72,13.3,49.18,2024-05-02,35,2.9,False,,
FB002031,Tops,Uniqlo,Summer,S,Pink,114.71,16.4,95.9,2025-06-03,4,3.9,False,,
FB002032,Outerwear,Gap,Winter,XXL,Navy,243.51,0.0,243.51,2024-08-07,14,4.8,False,,
FB002033,Tops,Gap,Summer,M,Black,43.25,0.0,43.25,2025-09-29,0,3.4,False,,
FB002034,Shoes,H&M,Winter,XS,Red,127.19,10.2,114.22,2024-06-19,50,4.4,False,,
FB002035,Shoes,Banana Republic,Fall,S,Black,137.79,27.1,100.45,2024-05-17,29,2.6,True,Changed Mind,2024-05-20
FB002036,Accessories,Zara,Winter,XXL,Brown,69.53,0.0,69.53,2024-08-08,36,3.0,True,Size Issue,2024-09-02
FB002037,Bottoms,Banana Republic,Summer,XL,Gray,115.75,0.0,115.75,2024-05-27,40,4.2,False,,
FB002038,Shoes,Gap,Summer,XL,Purple,115.95,39.7,69.92,2025-02-20,36,3.2,True,Quality Issue,2025-03-04
FB002039,Accessories,Gap,Spring,S,Red,33.82,0.0,33.82,2025-10-23,44,3.9,False,,
FB002040,Bottoms,Forever21,Summer,XS,Purple,129.41,0.0,129.41,2024-11-08,12,3.7,False,,
FB002041,Tops,Banana Republic,Winter,S,Green,67.49,0.0,67.49,2025-04-04,25,4.8,False,,
FB002042,Bottoms,Zara,Fall,XS,Green,101.35,24.7,76.32,2024-05-18,26,3.8,True,Size Issue,2024-06-01
FB002043,Outerwear,Zara,Summer,M,Gray,160.89,0.0,160.89,2024-04-08,3,3.9,False,,
FB002044,Bottoms,Ann Taylor,Summer,XS,Gray,55.94,7.8,51.58,2024-02-05,49,4.3,False,,
FB002045,Bottoms,Mango,Summer,XS,White,94.86,5.6,89.55,2025-04-28,32,3.6,False,,
FB002046,Dresses,Forever21,Winter,S,Red,70.39,25.1,52.72,2024-10-13,45,4.3,False,,
FB002047,Accessories,Gap,Summer,XL,Red,50.57,41.4,29.63,2025-04-10,0,4.8,False,,
FB002048,Bottoms,Forever21,Summer,S,White,121.15,0.0,121.15,2024-05-14,50,3.3,True,Quality Issue,2024-05-17
FB002049,Dresses,Forever21,Summer,S,Navy,80.78,45.4,44.11,2024-05-25,5,4.0,False,,
FB002050,Dresses,Zara,Spring,M,Gray,185.63,7.7,171.34,2024-01-24,39,3.3,True,Quality Issue,2024-02-07
FB002051,Dresses,Ann Taylor,Spring,XS,White,206.9,6.2,194.07,2025-09-09,29,2.2,False,,
FB002052,Dresses,Zara,Fall,M,Navy,190.62,13.1,165.65,2025-01-26,7,3.6,True,Size Issue,2025-01-30
FB002053,Outerwear,Banana Republic,Spring,XL,Brown,236.77,0.0,236.77,2025-07-07,27,4.6,False,,
FB002054,Dresses,Uniqlo,Winter,M,Gray,144.52,38.2,89.31,2025-11-21,32,4.1,False,,
FB002055,Bottoms,Gap,Winter,XS,Green,90.02,0.0,90.02,2024-09-22,29,2.7,True,Changed Mind,2024-10-07
FB002056,Dresses,Banana Republic,Summer,XL,Green,133.42,13.5,115.41,2025-03-23,5,4.5,False,,
FB002057,Accessories,Forever21,Fall,L,Brown,77.53,17.5,63.96,2024-11-29,50,4.7,False,,
FB002058,Shoes,Uniqlo,Winter,M,Gray,191.13,0.0,191.13,2024-04-30,10,3.6,False,,
FB002059,Outerwear,Forever21,Spring,M,Blue,111.87,20.2,89.27,2024-06-19,4,2.8,True,Damaged,2024-07-05
FB002060,Dresses,Mango,Summer,M,Navy,50.25,0.0,50.25,2024-01-03,13,3.5,True,Size Issue,2024-01-21
FB002061,Outerwear,Forever21,Fall,M,Blue,157.08,14.2,134.77,2025-06-12,0,4.4,False,,
FB002062,Outerwear,Banana Republic,Summer,M,Black,149.05,0.0,149.05,2024-04-04,37,3.5,False,,
FB002063,Dresses,Mango,Fall,S,Beige,134.06,54.8,60.6,2025-11-20,37,4.2,False,,
FB002064,Outerwear,Gap,Summer,L,Green,172.1,26.0,127.35,2025-07-14,5,4.5,False,,
FB002065,Shoes,Forever21,Fall,XS,Green,43.69,17.6,36.0,2025-06-11,37,4.3,True,Size Issue,2025-06-25
FB002066,Accessories,Banana Republic,Fall,L,Black,75.42,6.3,70.67,2025-11-09,5,4.1,False,,
FB002067,Dresses,Ann Taylor,Spring,M,Purple,74.06,17.1,61.4,2024-01-19,9,4.4,False,,
FB002068,Shoes,Zara,Summer,M,White,91.83,0.0,91.83,2025-02-24,26,2.9,True,Changed Mind,2025-03-09
FB002069,Outerwear,Uniqlo,Spring,XL,Pink,226.75,7.2,210.42,2024-04-07,3,2.6,True,Quality Issue,2024-04-16
FB002070,Dresses,Zara,Fall,XXL,Purple,204.74,23.0,157.65,2025-10-30,8,3.7,True,Size Issue,2025-11-29
FB002071,Shoes,Zara,Fall,L,Red,45.39,0.0,45.39,2025-05-23,4,3.9,False,,
FB002072,Shoes,Mango,Winter,S,Navy,141.95,0.0,141.95,2024-06-12,19,4.1,False,,
FB002073,Bottoms,Ann Taylor,Winter,XS,Green,65.36,0.0,65.36,2025-07-27,6,4.3,False,,
FB002074,Outerwear,Ann Taylor,Summer,XL,Black,196.73,52.6,93.25,2025-10-08,50,3.9,False,,
FB002075,Shoes,Zara,Spring,XXL,Blue,58.31,0.0,58.31,2025-09-08,29,2.8,True,Size Issue,2025-09-22
FB002076,Tops,Zara,Summer,XS,Red,76.16,11.9,67.1,2024-04-01,1,4.4,False,,
FB002077,Dresses,Mango,Fall,S,Brown,174.95,48.5,90.1,2024-04-01,22,3.4,True,Size Issue,2024-04-10
FB002078,Outerwear,Ann Taylor,Summer,L,Blue,153.99,0.0,153.99,2024-09-21,49,3.6,False,,
FB002079,Dresses,Zara,Spring,XXL,Red,201.95,48.4,104.21,2025-10-11,14,2.7,True,Color Mismatch,2025-10-12
FB002080,Accessories,Banana Republic,Spring,S,Green,38.79,36.0,24.83,2024-11-12,13,3.2,False,,
FB002081,Bottoms,Uniqlo,Fall,M,Purple,145.33,0.0,145.33,2025-07-01,26,3.2,True,Changed Mind,2025-07-26
FB002082,Accessories,Mango,Winter,XXL,Red,40.63,50.2,20.23,2025-12-21,26,2.9,False,,
FB002083,Shoes,Forever21,Fall,S,Pink,197.37,52.4,93.95,2025-02-22,28,3.0,False,,
FB002084,Tops,Uniqlo,Spring,L,Gray,102.99,31.6,70.45,2024-07-31,40,4.4,False,,
FB002085,Accessories,Forever21,Summer,XL,Pink,47.54,9.5,43.02,2024-05-08,9,4.0,False,,
FB002086,Shoes,H&M,Spring,XS,Pink,156.17,55.1,70.12,2024-06-05,35,3.4,False,,
FB002087,Bottoms,Banana Republic,Spring,XXL,Blue,131.22,16.3,109.83,2024-12-31,10,3.4,True,Changed Mind,2025-01-01
FB002088,Tops,Uniqlo,Spring,XXL,Black,96.64,0.0,96.64,2025-09-19,45,4.3,False,,
FB002089,Bottoms,Banana Republic,Fall,L,White,30.3,24.7,22.82,2024-12-11,14,3.3,False,,
FB002090,Shoes,Mango,Summer,XL,Purple,84.36,30.7,58.46,2025-02-18,25,4.1,True,Size Issue,2025-03-02
FB002091,Accessories,Banana Republic,Summer,S,Black,25.46,46.2,13.7,2024-10-12,42,4.5,True,Size Issue,2024-10-20
FB002092,Accessories,Banana Republic,Winter,XS,Pink,54.73,48.5,28.19,2025-05-23,15,4.7,True,Changed Mind,2025-06-13
FB002093,Outerwear,Forever21,Summer,XS,White,107.74,44.0,60.33,2025-04-02,38,3.2,True,Size Issue,2025-04-22
FB002094,Accessories,Banana Republic,Summer,M,Green,75.99,0.0,75.99,2024-04-29,30,3.4,False,,
FB002095,Dresses,Gap,Summer,XL,Gray,179.53,5.7,169.3,2024-04-17,47,4.2,False,,
FB002096,Tops,Mango,Spring,XXL,Brown,117.78,54.4,53.71,2024-04-10,16,4.4,False,,
FB002097,Shoes,Gap,Spring,M,Green,140.59,0.0,140.59,2024-12-14,28,3.7,False,,
FB002098,Outerwear,Mango,Summer,XS,Gray,236.85,15.1,201.09,2025-06-19,28,2.5,False,,
FB002099,Tops,Mango,Winter,XL,Green,91.51,19.2,73.94,2025-03-12,6,3.8,True,Damaged,2025-03-29
FB002100,Accessories,Gap,Fall,S,White,58.99,51.8,28.43,2024-09-14,24,3.3,False,,
FB002101,Accessories,H&M,Winter,M,White,17.62,51.2,8.6,2024-01-08,6,4.4,True,Changed Mind,2024-01-09
FB002102,Dresses,Ann Taylor,Spring,L,Purple,55.35,0.0,55.35,2025-11-16,16,4.7,False,,
FB002103,Bottoms,Mango,Fall,L,Red,49.47,27.8,35.72,2025-01-28,2,3.6,False,,
FB002104,Tops,Ann Taylor,Winter,M,Blue,86.64,0.0,86.64,2025-11-29,28,3.5,False,,
FB002105,Accessories,Forever21,Summer,S,Brown,70.23,47.3,37.01,2024-05-25,47,3.9,True,Changed Mind,2024-05-29
FB002106,Tops,Uniqlo,Fall,L,Black,20.44,44.4,11.36,2024-02-17,23,4.4,False,,
FB002107,Dresses,Uniqlo,Fall,M,White,169.48,32.4,114.57,2025-08-14,14,3.7,True,Color Mismatch,2025-09-11
FB002108,Shoes,Banana Republic,Fall,XS,Green,88.23,0.0,88.23,2025-09-07,27,4.7,False,,
FB002109,Accessories,Zara,Spring,S,Green,24.58,6.1,23.08,2025-01-08,30,3.2,False,,
FB002110,Dresses,Forever21,Spring,L,White,89.29,52.3,42.59,2024-08-26,21,4.0,True,Changed Mind,2024-08-27
FB002111,Shoes,Zara,Summer,M,Gray,107.3,23.1,82.51,2025-08-22,32,4.6,False,,
FB002112,Accessories,Ann Taylor,Winter,S,Purple,36.9,38.3,22.77,2024-05-20,7,3.9,False,,
FB002113,Accessories,Gap,Winter,M,Black,23.71,16.5,19.8,2025-06-02,31,3.7,False,,
FB002114,Shoes,Uniqlo,Fall,L,Beige,47.3,32.0,32.16,2024-08-20,10,2.8,False,,
FB002115,Accessories,Mango,Spring,M,Blue,64.29,27.4,46.67,2025-03-08,17,4.5,False,,
FB002116,Tops,Mango,Summer,M,Black,64.15,0.0,64.15,2024-03-03,13,4.3,False,,
FB002117,Tops,Banana Republic,Spring,L,Pink,95.47,19.9,76.47,2024-08-23,48,3.6,False,,
FB002118,Dresses,Zara,Fall,XS,Gray,104.07,50.6,51.41,2024-07-09,49,4.9,False,,
FB002119,Shoes,Banana Republic,Spring,XL,Navy,152.91,27.7,110.55,2025-07-30,10,4.3,True,Changed Mind,2025-08-24
FB002120,Tops,Forever21,Fall,L,Red,75.5,39.9,45.38,2025-03-02,28,3.9,False,,
FB002121,Bottoms,Zara,Winter,XXL,Blue,111.98,0.0,111.98,2025-12-24,4,4.0,True,Size Issue,2026-01-17
FB002122,Outerwear,Forever21,Winter,L,Red,140.88,0.0,140.88,2025-03-17,33,4.2,False,,
FB002123,Tops,Zara,Winter,XXL,Green,99.73,19.0,80.78,2025-08-28,25,3.5,False,,
FB002124,Bottoms,Zara,Spring,M,White,61.16,0.0,61.16,2025-12-04,1,2.9,False,,
FB002125,Outerwear,Mango,Winter,S,Brown,151.08,0.0,151.08,2025-09-02,20,4.4,False,,
FB002126,Tops,Uniqlo,Summer,M,White,88.18,28.2,63.31,2025-04-30,3,3.9,False,,
FB002127,Tops,Gap,Spring,M,Pink,35.88,51.7,17.33,2024-09-04,1,3.3,False,,
FB002128,Outerwear,Uniqlo,Fall,S,Gray,115.71,17.6,95.35,2024-07-30,29,3.9,True,Damaged,2024-08-05
FB002129,Bottoms,Mango,Winter,XS,Black,121.39,36.6,76.96,2025-05-16,41,3.0,True,Size Issue,2025-06-01
FB002130,Accessories,Forever21,Fall,XS,Pink,25.24,47.4,13.28,2024-10-01,18,4.5,False,,
FB002131,Tops,H&M,Summer,M,Red,114.0,39.1,69.43,2024-07-31,0,4.6,False,,
FB002132,Bottoms,Mango,Summer,S,Blue,149.39,55.9,65.88,2024-04-07,0,4.3,False,,
FB002133,Shoes,Mango,Winter,M,Gray,172.61,0.0,172.61,2024-01-26,34,3.3,False,,
FB002134,Tops,Gap,Summer,S,Black,60.01,0.0,60.01,2024-02-10,49,3.5,False,,
FB002135,Dresses,Zara,Summer,M,Brown,83.71,0.0,83.71,2024-07-06,29,4.4,True,Changed Mind,2024-07-19
FB002136,Outerwear,H&M,Summer,L,Red,175.74,28.7,125.3,2025-07-22,15,4.4,True,Quality Issue,2025-08-10
FB002137,Accessories,Forever21,Spring,M,Green,25.16,0.0,25.16,2025-09-19,46,4.8,False,,
FB002138,Outerwear,Ann Taylor,Summer,XXL,Brown,117.23,6.9,109.14,2024-06-10,44,4.0,False,,
FB002139,Tops,Mango,Summer,S,Brown,31.79,10.2,28.55,2024-11-01,3,3.8,False,,
FB002140,Outerwear,Forever21,Summer,S,Blue,202.15,14.7,172.43,2025-04-09,10,3.7,False,,
FB002141,Outerwear,Uniqlo,Spring,S,Brown,163.17,14.4,139.67,2024-01-24,23,3.7,False,,
FB002142,Accessories,Forever21,Spring,XS,Blue,63.63,55.1,28.57,2024-06-22,1,3.1,True,Size Issue,2024-07-15
FB002143,Accessories,Mango,Summer,S,Red,65.16,55.5,29.0,2024-08-31,19,4.0,False,,
FB002144,Shoes,Uniqlo,Summer,XL,White,67.74,0.0,67.74,2024-09-10,12,4.3,False,,
FB002145,Accessories,Mango,Fall,M,Black,17.65,38.1,10.93,2024-12-18,21,4.0,False,,
FB002146,Accessories,Banana Republic,Fall,M,Pink,36.36,37.9,22.58,2025-02-18,14,3.4,False,,
FB002147,Outerwear,Uniqlo,Fall,XL,White,208.36,0.0,208.36,2024-10-28,10,3.5,False,,
FB002148,Tops,Mango,Winter,S,Green,101.18,0.0,101.18,2025-07-05,36,4.4,False,,
FB002149,Bottoms,Banana Republic,Fall,M,Pink,40.86,41.2,24.03,2024-12-07,49,3.5,False,,
FB002150,Tops,Ann Taylor,Fall,XS,Black,34.26,48.0,17.82,2025-05-07,4,3.8,False,,
FB002151,Outerwear,Ann Taylor,Spring,S,Black,234.09,13.9,201.55,2025-10-18,17,4.2,True,Quality Issue,2025-11-16
FB002152,Tops,Ann Taylor,Summer,XL,Red,38.08,15.5,32.18,2025-05-08,6,4.0,False,,
FB002153,Dresses,Forever21,Fall,L,Pink,130.49,0.0,130.49,2025-10-06,32,4.6,False,,
FB002154,Shoes,Forever21,Summer,S,Green,182.46,11.7,161.11,2024-08-22,49,4.6,True,Color Mismatch,2024-09-10
FB002155,Bottoms,Uniqlo,Spring,S,Pink,37.33,0.0,37.33,2024-03-05,6,3.7,False,,
FB002156,Bottoms,Ann Taylor,Spring,XS,Navy,41.29,0.0,41.29,2024-05-22,49,3.7,True,Changed Mind,2024-06-01
FB002157,Bottoms,Zara,Winter,L,Brown,85.32,0.0,85.32,2025-09-11,29,3.8,False,,
FB002158,Shoes,Uniqlo,Fall,S,Black,120.27,0.0,120.27,2025-10-05,16,4.2,False,,
FB002159,Shoes,Banana Republic,Fall,XXL,Green,88.4,12.4,77.44,2025-05-19,27,3.8,False,,
FB002160,Outerwear,H&M,Fall,S,Red,180.11,48.6,92.58,2025-01-01,6,4.3,False,,
FB002161,Accessories,Mango,Spring,L,Purple,58.26,45.5,31.75,2024-12-07,33,4.3,False,,
FB002162,Shoes,H&M,Fall,M,Blue,153.7,11.1,136.64,2024-01-19,11,4.1,False,,
FB002163,Shoes,Forever21,Winter,S,Beige,133.52,0.0,133.52,2024-08-09,19,4.0,False,,
FB002164,Dresses,Ann Taylor,Spring,XS,Brown,116.6,7.6,107.74,2024-01-09,22,3.8,False,,
FB002165,Outerwear,Mango,Spring,XXL,Beige,238.75,16.4,199.6,2025-04-02,19,3.4,True,Size Issue,2025-04-21
FB002166,Shoes,Mango,Summer,XS,Red,166.87,0.0,166.87,2024-03-30,17,4.0,True,Size Issue,2024-04-19
FB002167,Accessories,Zara,Winter,L,Red,69.05,7.0,64.22,2024-01-01,25,2.8,True,Changed Mind,2024-01-28
FB002168,Accessories,Ann Taylor,Winter,S,Red,19.34,32.9,12.98,2024-08-25,1,4.6,False,,
FB002169,Accessories,Banana Republic,Fall,S,Navy,64.6,7.7,59.63,2024-11-01,10,3.6,False,,
FB002170,Accessories,Banana Republic,Fall,L,Green,60.16,5.3,56.97,2024-05-27,33,4.6,False,,
FB002171,Dresses,Zara,Spring,L,Pink,118.04,55.0,53.12,2025-04-30,3,3.2,False,,
FB002172,Bottoms,Forever21,Spring,S,Purple,115.59,5.2,109.58,2024-08-21,20,3.8,False,,
FB002173,Bottoms,Uniqlo,Winter,XS,Gray,129.14,37.1,81.23,2024-04-23,43,3.8,True,Color Mismatch,2024-04-30
FB002174,Tops,Banana Republic,Summer,XXL,Brown,45.9,39.3,27.86,2024-05-20,19,3.5,False,,
FB002175,Dresses,Banana Republic,Winter,M,Pink,202.99,0.0,202.99,2024-07-20,47,4.7,False,,
FB002176,Tops,Gap,Winter,XL,Navy,67.66,18.8,54.94,2025-03-08,2,3.4,False,,
FB002177,Bottoms,Uniqlo,Spring,S,Brown,146.96,37.6,91.7,2025-04-29,4,3.5,False,,
FB002178,Shoes,Banana Republic,Winter,XS,Black,173.74,14.2,149.07,2024-06-25,12,3.7,False,,
FB002179,Bottoms,Zara,Fall,M,Purple,56.3,0.0,56.3,2024-09-30,49,4.3,True,Wrong Item,2024-10-06
FB002180,Bottoms,Uniqlo,Spring,L,Navy,125.54,10.8,111.98,2025-04-04,16,4.2,False,,
FB002181,Accessories,Mango,Spring,M,Purple,39.03,0.0,39.03,2024-05-20,48,3.4,False,,
FB002182,Outerwear,Zara,Spring,XXL,Gray,109.4,16.0,91.9,2024-03-05,17,3.7,False,,
FB002183,Accessories,Ann Taylor,Fall,XL,Navy,55.68,0.0,55.68,2024-10-01,47,4.6,False,,
FB002184,Tops,Uniqlo,Fall,M,Brown,80.34,20.7,63.71,2024-08-13,49,4.1,False,,
FB002185,Accessories,Uniqlo,Winter,XS,Pink,46.77,11.2,41.53,2024-10-27,6,3.7,False,,
FB002186,Outerwear,Uniqlo,Spring,S,Gray,88.71,21.6,69.55,2025-04-07,48,3.8,False,,
FB002187,Shoes,Forever21,Spring,L,Gray,61.02,55.1,27.4,2025-07-20,25,4.1,False,,
FB002188,Accessories,Ann Taylor,Spring,XXL,Black,48.77,34.9,31.75,2024-02-04,36,3.3,False,,
FB002189,Bottoms,Gap,Winter,XXL,Red,99.22,0.0,99.22,2025-06-13,49,3.8,False,,
FB002190,Accessories,Gap,Winter,XS,Pink,78.46,16.3,65.67,2024-02-04,27,2.5,False,,
FB002191,Accessories,H&M,Fall,L,Pink,74.47,8.7,67.99,2025-02-09,1,3.5,False,,
FB002192,Tops,H&M,Summer,L,Gray,90.08,42.4,51.89,2024-07-06,8,4.7,False,,
FB002193,Tops,Forever21,Winter,XL,Beige,48.12,0.0,48.12,2025-06-08,1,3.0,False,,
FB002194,Dresses,Forever21,Spring,S,Purple,179.19,36.2,114.32,2025-01-31,2,1.6,True,Quality Issue,2025-02-14
FB002195,Bottoms,Uniqlo,Fall,XXL,Purple,113.23,50.1,56.5,2025-02-13,30,2.7,True,Color Mismatch,2025-03-11
FB002196,Dresses,Ann Taylor,Summer,XXL,Beige,101.46,0.0,101.46,2025-12-12,7,2.9,True,Size Issue,2026-01-09
FB002197,Outerwear,Forever21,Summer,XL,Blue,196.07,11.1,174.31,2024-07-10,13,3.9,False,,
FB002198,Accessories,Forever21,Fall,XL,Beige,73.26,0.0,73.26,2025-08-17,12,2.6,False,,
FB002199,Outerwear,Banana Republic,Fall,L,Black,175.51,9.8,158.31,2024-07-27,49,3.0,False,,
FB002200,Bottoms,Gap,Summer,L,Green,94.07,26.2,69.42,2024-06-24,16,4.4,False,,
